School ID,School Name,Borough,Building Code,Street Address,City,State,Zip Code,Latitude,Longitude,Phone Number,Start Time,End Time,Student Enrollment,Percent White,Percent Black,Percent Hispanic,Percent Asian,Average Score (SAT Math),Average Score (SAT Reading),Average Score (SAT Writing),Percent Tested
01M539,"New Explorations into Science, Technology and Math High School",Manhattan,M022,111 Columbia Street,Manhattan,NY,10002,40.71873,-73.97943,212-677-5190,0.34375,0.666666667,1735,0.286,0.133,0.18,0.385,657,601,601,0.91
02M294,Essex Street Academy,Manhattan,M445,350 Grand Street,Manhattan,NY,10002,40.71687,-73.98953,212-475-4773,0.333333333,0.614583333,358,0.117,0.385,0.413,0.059,395,411,387,0.789
02M308,Lower Manhattan Arts Academy,Manhattan,M445,350 Grand Street,Manhattan,NY,10002,40.71687,-73.98953,212-505-0143,0.354166667,0.625,383,0.031,0.282,0.569,0.086,418,428,415,0.651
02M545,High School for Dual Language and Asian Studies,Manhattan,M445,350 Grand Street,Manhattan,NY,10002,40.71687,-73.98953,212-475-4097,0.333333333,0.649305556,416,0.017,0.031,0.055,0.889,613,453,463,0.959
01M292,Henry Street School for International Studies,Manhattan,M056,220 Henry Street,Manhattan,NY,10002,40.71376,-73.98526,212-406-9411,0.354166667,0.645833333,255,0.039,0.244,0.566,0.132,410,406,381,0.597
01M696,Bard High School Early College,Manhattan,M097,525 East Houston Street,Manhattan,NY,10002,40.71896,-73.97607,212-995-8479,0.375,0.659722222,545,0.453,0.172,0.187,0.171,634,641,639,0.708
02M305,Urban Assembly Academy of Government and Law,Manhattan,M445,350 Grand Street,Manhattan,NY,10002,40.71687,-73.98953,212-505-0745,0.355555556,0.65625,329,0.027,0.419,0.492,0.058,389,395,381,0.808
01M509,Marta Valle High School,Manhattan,M025,145 Stanton Street,Manhattan,NY,10002,40.72057,-73.98567,212-473-8152,0.333333333,0.645833333,363,0.025,0.399,0.512,0.058,438,413,394,0.356
01M448,University Neighborhood High School,Manhattan,M446,200 Monroe Street,Manhattan,NY,10002,40.71233,-73.9848,212-962-4341,0.34375,0.635416667,304,0.033,0.25,0.411,0.299,437,355,352,0.699
02M543,New Design High School,Manhattan,M445,350 Grand Street,Manhattan,NY,10002,40.71687,-73.98953,212-475-4148,0.361111111,0.622222222,441,0.039,0.308,0.569,0.059,381,396,372,0.737
02M298,Pace High School,Manhattan,M131,100 Hester Street,Manhattan,NY,10002,40.71641,-73.99268,212-334-4663,0.375,0.635416667,423,0.019,0.281,0.454,0.137,430,435,427,0.878
02M420,High School for Health Professions and Human Services,Manhattan,M475,345 East 15th Street,Manhattan,NY,10003,40.73249,-73.98305,212-780-9175,0.375,0.65625,1664,0.073,0.189,0.509,0.224,452,445,430,0.869
02M399,High School for Language and Diplomacy,Manhattan,M460,40 Irving Place,Manhattan,NY,10003,40.73552,-73.9876,212-253-2480,0.333333333,0.645833333,437,0.057,0.204,0.403,0.311,446,433,411,0.702
02M546,Academy for Software Engineering,Manhattan,M460,40 Irving Place,Manhattan,NY,10003,40.73552,-73.9876,212-253-3299,0.364583333,0.65,344,0.09,0.288,0.459,0.11,453,423,415,0.734
02M533,Union Square Academy for Health Sciences,Manhattan,M460,40 Irving Place,Manhattan,NY,10003,40.73552,-73.9876,212-253-3110,0.333333333,0.659027778,319,0.047,0.201,0.567,0.16,428,451,423,0.672
02M438,International High School at Union Square,Manhattan,M460,40 Irving Place,Manhattan,NY,10003,40.73552,-73.9876,212-533-2560,0.364583333,0.628472222,353,0.099,0.142,0.453,0.306,403,330,316,0.532
02M407,Institute for Collaborative Education,Manhattan,M475,345 East 15th Street,Manhattan,NY,10003,40.73249,-73.98305,212-475-7972,0.333333333,0.625,482,0.565,0.141,0.149,0.058,501,550,541,0.786
02M374,Gramercy Arts High School,Manhattan,M460,40 Irving Place,Manhattan,NY,10003,40.73552,-73.9876,212-253-7076,0.34375,0.645833333,530,0.058,0.425,0.442,0.036,446,459,455,0.796
02M551,Urban Assembly New York Harbor School,Manhattan,M877,550 Wheeler Avenue,Manhattan,NY,10004,40.69079,-74.01976,212-458-0800,0.34375,0.666666667,447,0.188,0.237,0.517,0.029,446,453,428,0.788
02M580,Richard R. Green High School of Teaching,Manhattan,M282,26 Broadway,Manhattan,NY,10004,40.70523,-74.01332,646-826-8174,0.354166667,0.638888889,566,0.027,0.311,0.588,0.062,411,415,409,0.6
02M418,Millennium High School,Manhattan,M824,75 Broad Street,Manhattan,NY,10004,40.70492,-74.01151,212-825-9008,0.354166667,0.625,659,0.328,0.076,0.182,0.384,577,560,567,0.94
02M316,Urban Assembly School of Business for Young Women,Manhattan,M282,26 Broadway,Manhattan,NY,10004,40.70523,-74.01332,212-668-0169,0.357638889,0.645833333,405,0.022,0.528,0.393,0.035,418,420,417,0.75
02M489,High School of Economics and Finance,Manhattan,M833,100 Trinity Place,Manhattan,NY,10006,40.70922,-74.01203,212-346-0708,0.354166667,0.645833333,796,0.072,0.229,0.471,0.217,469,442,447,0.668
02M425,Leadership and Public Service High School,Manhattan,M894,90 Trinity Place,Manhattan,NY,10006,40.70915,-74.01208,212-346-0007,0.354166667,0.614583333,699,0.044,0.279,0.619,0.039,390,396,392,0.549
01M450,East Side Community School,Manhattan,M060,420 East 12th Street,Manhattan,NY,10009,40.72978,-73.98304,212-460-8467,0.354166667,0.645833333,666,0.083,0.221,0.579,0.094,454,428,445,0.852
02M411,Baruch College Campus High School,Manhattan,M874,55 East 25th Street,Manhattan,NY,10010,40.74405,-73.99148,212-683-7440,0.347222222,0.618055556,451,0.228,0.062,0.149,0.548,592,526,531,0.943
02M047,47 American Sign Language and English Secondary School,Manhattan,M047,223 East 23rd Street,Manhattan,NY,10010,40.7386,-73.98251,917-326-6668,0.364583333,0.65625,169,0.053,0.284,0.645,0.012,573,562,581,0.483
02M413,School of the Future High School,Manhattan,M660,127 East 22nd Street,Manhattan,NY,10010,40.73895,-73.98541,212-475-8086,0.357638889,0.631944444,713,0.359,0.117,0.304,0.144,534,533,522,0.899
02M439,Manhattan Village Academy,Manhattan,M873,43 West 22nd Street,Manhattan,NY,10010,40.74149,-73.99145,212-242-8752,0.333333333,0.638888889,415,0.072,0.096,0.672,0.072,522,479,510,0.988
02M422,Quest to Learn,Manhattan,M440,351 West 18th Street,Manhattan,NY,10011,40.74289,-74.00213,212-488-3645,0.375,0.659722222,564,0.242,0.219,0.415,0.087,540,529,487,0.837
02M412,NYC Lab School for Collaborative Studies,Manhattan,M070,333 West 17th Street,Manhattan,NY,10011,40.7421,-74.00207,212-691-6119,0.333333333,0.618055556,587,0.46,0.06,0.155,0.276,595,550,555,0.798
02M534,Harvest Collegiate High School,Manhattan,M883,34 West 14th Street,Manhattan,NY,10011,40.73676,-73.99551,212-242-3384,0.347222222,0.636805556,333,0.168,0.222,0.523,0.069,603,587,592,0.773
02M437,Hudson High School of Learning Technologies,Manhattan,M440,351 West 18th Street,Manhattan,NY,10011,40.74289,-74.00213,212-488-3330,0.364583333,0.645833333,483,0.033,0.292,0.594,0.064,378,407,388,0.718
02M392,Manhattan Business Academy,Manhattan,M440,351 West 18th Street,Manhattan,NY,10011,40.74289,-74.00213,212-647-1983,0.354166667,0.635416667,438,0.039,0.281,0.621,0.034,410,407,399,0.697
02M419,Landmark High School,Manhattan,M440,351 West 18th Street,Manhattan,NY,10011,40.74289,-74.00213,212-647-7410,0.364583333,0.638888889,355,0.017,0.242,0.685,0.037,386,386,386,0.306
02M600,High School of Fashion Industries,Manhattan,M600,225 West 24th Street,Manhattan,NY,10011,40.74511,-73.99591,212-255-1235,0.333333333,0.65625,1770,0.038,0.363,0.538,0.05,433,442,427,0.806
02M414,NYC Museum School,Manhattan,M070,333 West 17th Street,Manhattan,NY,10011,40.7421,-74.00207,212-675-6206,0.34375,0.614583333,471,0.121,0.127,0.397,0.342,560,530,522,0.9
02M615,Chelsea Career and Technical Education High School,Manhattan,M615,131 Avenue of the Americas,Manhattan,NY,10013,40.72435,-74.00476,212-925-1080,0.354166667,0.666666667,439,0.032,0.289,0.574,0.082,439,418,400,0.804
02M376,NYC iSchool,Manhattan,M615,131 Avenue of the Americas,Manhattan,NY,10013,40.72435,-74.00476,917-237-7300,0.375,0.666666667,442,0.287,0.199,0.398,0.086,518,515,503,0.96
02M427,Manhattan Academy for Arts and Language,Manhattan,M620,111 East 33rd Street,Manhattan,NY,10016,40.74611,-73.98101,212-576-0502,0.375,0.652777778,334,0.015,0.048,0.913,0.024,350,334,321,0.461
02M500,Unity Center for Urban Technologies,Manhattan,M620,111 East 33rd Street,Manhattan,NY,10016,40.74611,-73.98101,212-576-0530,0.34375,0.666666667,284,0.049,0.275,0.588,0.06,375,385,387,0.628
02M393,Business of Sports School,Manhattan,M625,439 West 49th Street,Manhattan,NY,10019,40.76336,-73.99051,212-246-2183,0.368055556,0.645833333,449,0.016,0.354,0.595,0.022,395,386,371,0.675
02M303,Facing History School,Manhattan,M535,525 West 50th Street,Manhattan,NY,10019,40.76503,-73.99252,212-757-2680,0.357638889,0.625,406,0.022,0.273,0.675,0.017,366,356,371,0.573
02M296,High School of Hospitality Management,Manhattan,M535,525 West 50th Street,Manhattan,NY,10019,40.76503,-73.99252,212-586-1819,0.375,0.65625,424,0.017,0.21,0.712,0.05,451,433,424,0.562
02M300,Urban Assembly School of Design and Construction,Manhattan,M535,525 West 50th Street,Manhattan,NY,10019,40.76503,-73.99252,212-586-0981,0.333333333,0.635416667,414,0.034,0.295,0.592,0.06,445,417,403,0.606
02M135,Urban Assembly School for Emergency Management,Manhattan,M625,439 West 49th Street,Manhattan,NY,10019,40.76336,-73.99051,212-245-4670,0.361805556,0.646527778,193,0.026,0.285,0.622,0.057,453,472,439,0.782
02M400,High School for Environmental Studies,Manhattan,M834,444 West 56th Street,Manhattan,NY,10019,40.76776,-73.98751,212-262-8113,0.34375,0.625,1301,0.066,0.147,0.629,0.151,469,454,444,0.74
02M630,Art and Design High School,Manhattan,M488,231-249 East 56th Street,Manhattan,NY,10019,40.7654,-73.98177,212-752-4340,0.354166667,0.666666667,1476,0.108,0.241,0.547,0.085,455,475,458,0.701
02M542,Manhattan Bridges High School,Manhattan,M535,525 West 50th Street,Manhattan,NY,10019,40.76503,-73.99252,212-757-5274,0.333333333,0.65625,529,0,0,1,0,409,360,347,0.844
02M507,Urban Assembly Gateway School for Technology,Manhattan,M625,439 West 49th Street,Manhattan,NY,10019,40.76336,-73.99051,212-246-1041,0.333333333,0.645833333,472,0.057,0.303,0.538,0.078,445,432,415,0.784
02M288,Food and Finance High School,Manhattan,M535,525 West 50th Street,Manhattan,NY,10019,40.76503,-73.99252,212-586-2943,0.319444444,0.604166667,427,0.03,0.396,0.522,0.047,428,435,421,0.52
02M416,Eleanor Roosevelt High School,Manhattan,M855,411 East 76th Street,Manhattan,NY,10021,40.77012,-73.95338,212-772-1220,0.354166667,0.645833333,541,0.614,0.044,0.109,0.201,641,617,631,0.86
03M299,"High School for Arts, Imagination, and Inquiry",Manhattan,M490,122 Amsterdam Avenue,Manhattan,NY,10023,40.7743,-73.98482,212-799-4064,0.364583333,0.643055556,447,0.009,0.385,0.588,0.004,375,389,380,0.588
03M307,Urban Assembly School for Media Studies,Manhattan,M490,122 Amsterdam Avenue,Manhattan,NY,10023,40.7743,-73.98482,212-501-1110,0.375,0.635416667,412,0.017,0.364,0.578,0.019,392,419,396,0.495
03M479,Beacon High School,Manhattan,M837,227-243 West 61st Street,Manhattan,NY,10023,40.77216,-73.9878,212-245-2807,0.333333333,0.625,1285,0.518,0.137,0.238,0.089,583,586,595,0.828
03M485,Fiorello H. LaGuardia High School of Music and Art and Performing Arts,Manhattan,M485,100 Amsterdam Avenue,Manhattan,NY,10023,40.77367,-73.98527,212-496-0700,0.333333333,0.666666667,2635,0.453,0.113,0.194,0.194,592,592,597,0.885
03M494,High School of Arts and Technology,Manhattan,M490,122 Amsterdam Avenue,Manhattan,NY,10023,40.7743,-73.98482,212-501-1198,0.333333333,0.614583333,594,0.029,0.325,0.593,0.039,421,428,406,0.444
03M541,Manhattan / Hunter Science High School,Manhattan,M490,122 Amsterdam Avenue,Manhattan,NY,10023,40.7743,-73.98482,212-501-1235,0.333333333,0.604166667,451,0.131,0.164,0.379,0.259,581,531,535,0.972
03M859,Special Music School,Manhattan,M490,122 Amsterdam Avenue,Manhattan,NY,10023,40.7743,-73.98482,212-501-3318,0.333333333,0.604166667,231,0.293,0.217,0.152,0.185,523,475,462,0.835
03M492,"High School for Law, Advocacy, and Community Justice",Manhattan,M490,122 Amsterdam Avenue,Manhattan,NY,10023,40.7743,-73.98482,212-501-1201,0.333333333,0.614583333,510,0.022,0.42,0.527,0.024,415,417,402,0.605
03M402,Urban Assembly School for Green Careers,Manhattan,M470,145 West 84th Street,Manhattan,NY,10024,40.78574,-73.97442,212-787-1189,0.354166667,0.645833333,353,0.028,0.232,0.72,0.011,393,371,378,0.6
03M417,Frank McCourt High School,Manhattan,M470,145 West 84th Street,Manhattan,NY,10024,40.78574,-73.97442,212-362-2015,0.361111111,0.625,387,0.318,0.158,0.401,0.088,489,491,500,0.891
03M403,Global Learning Collaborative,Manhattan,M470,145 West 84th Street,Manhattan,NY,10024,40.78574,-73.97442,212-877-1103,0.354166667,0.645833333,496,0.054,0.25,0.663,0.024,406,407,413,0.594
03M415,Wadleigh Secondary School for the Performing and Visual Arts,Manhattan,M088,215 West 114th Street,Manhattan,NY,10026,40.80217,-73.95401,212-749-5800,0.333333333,0.65625,445,0.01,0.52,0.442,0.018,381,401,392,0.526
03M860,Frederick Douglass Academy II Secondary School,Manhattan,M088,215 West 114th Street,Manhattan,NY,10026,40.80217,-73.95401,212-865-9260,0.333333333,0.625,411,0.019,0.678,0.263,0.022,390,384,373,0.638
05M362,Columbia Secondary School,Manhattan,M125,425 West 123rd Street,Manhattan,NY,10027,40.81092,-73.95693,212-666-1278,0.333333333,0.666666667,659,0.148,0.22,0.481,0.137,583,561,546,0.882
05M367,Academy for Social Action (College Board),Manhattan,M043,509 West 129th Street,Manhattan,NY,10027,40.81523,-73.9552,212-234-3102,0.357638889,0.65625,234,0.028,0.465,0.493,0.005,357,349,365,0.54
05M369,Urban Assembly School for the Performing Arts,Manhattan,M043,509 West 129th Street,Manhattan,NY,10027,40.81523,-73.9552,212-234-4631,0.34375,0.635416667,358,0.014,0.522,0.43,0.008,379,399,388,0.767
04M680,Heritage School,Manhattan,M107,1680 Lexington Avenue,Manhattan,NY,10029,40.79188,-73.94659,212-828-2858,0.354166667,0.652083333,322,0.019,0.323,0.637,0.012,385,380,370,0.568
04M555,Central Park East High School,Manhattan,M013,1573 Madison Avenue,Manhattan,NY,10029,40.79368,-73.94942,212-860-5929,0.354166667,0.638888889,466,0.039,0.245,0.633,0.073,483,468,439,0.979
04M495,Park East High School,Manhattan,M495,230 East 105th Street,Manhattan,NY,10029,40.79056,-73.94445,212-831-1517,0.364583333,0.635416667,413,0.017,0.276,0.637,0.048,429,433,435,0.896
04M610,Young Women's Leadership School,Manhattan,M895,105 East 106th Street,Manhattan,NY,10029,40.79271,-73.9473,212-289-7593,0.364583333,0.635416667,480,0.034,0.279,0.574,0.089,478,465,472,1
04M435,Manhattan Center for Science and Mathematics,Manhattan,M435,260 Pleasant Avenue,Manhattan,NY,10029,40.79374,-73.93408,212-876-4639,0.34375,0.611111111,1603,0.042,0.209,0.541,0.192,556,505,495,0.876
04M372,Esperanza Preparatory Academy,Manhattan,M117,240 East 109th Street,Manhattan,NY,10029,40.79307,-73.94236,212-722-6507,0.333333333,0.625,507,0.021,0.131,0.831,0.013,324,312,362,0.536
05M304,Mott Hall High School,Manhattan,M136,6 Edgecombe Avenue,Manhattan,NY,10030,40.81736,-73.94771,212-694-6020,0.333333333,0.645833333,428,0.007,0.383,0.591,0.009,416,445,440,0.369
05M670,Thurgood Marshall Academy for Learning and Social Change,Manhattan,M970,200-214 West 135th Street,Manhattan,NY,10030,40.81536,-73.9439,212-283-8055,0.354166667,0.625,561,0.008,0.776,0.196,0.013,402,394,400,0.847
05M692,"High School for Mathematics, Science, and Engineering at City College",Manhattan,M812,240 Convent Avenue,Manhattan,NY,10031,40.82112,-73.94885,212-281-6490,0.333333333,0.649305556,470,0.268,0.096,0.217,0.385,683,610,596,0.926
06M540,A. Philip Randolph Campus High School,Manhattan,M540,443 West 135th Street,Manhattan,NY,10031,40.81832,-73.95061,212-926-0113,0.333333333,0.597222222,1354,0.017,0.32,0.597,0.049,459,453,447,0.74
06M552,Gregorio Luperon High School for Science and Mathematics,Manhattan,M876,501 West 165th Street,Manhattan,NY,10032,40.83803,-73.93837,212-928-1202,0.333333333,0.645833333,504,0,0,1,0,383,355,352,0.71
06M346,Community Health Academy of the Heights,Manhattan,M814,504 West 158th Street,Manhattan,NY,10032,40.83356,-73.9418,212-342-6600,0.34375,0.625,629,0.027,0.049,0.918,0,387,389,385,0.553
06M348,Washington Heights Expeditionary Learning School,Manhattan,M143,511 West 182nd Street,Manhattan,NY,10033,40.84888,-73.93081,212-781-0524,0.333333333,0.625,705,0.005,0.038,0.948,0.003,443,423,434,0.87
04M409,Coalition School for Social Change,Manhattan,M045,2351 1st Avenue,Manhattan,NY,10035,40.79887,-73.93337,212-831-5153,0.364583333,0.645833333,283,0.035,0.41,0.502,0.042,344,368,367,0.405
02M531,Repertory Company High School for Theatre Arts,Manhattan,M896,123 West 43rd Street,Manhattan,NY,10036,40.75594,-73.98457,212-382-1875,0.34375,0.645833333,246,0.085,0.374,0.504,0.016,425,451,458,0.895
02M408,Professional Performing Arts High School,Manhattan,M017,328 West 48th Street,Manhattan,NY,10036,40.76143,-73.98802,212-247-8652,0.34375,0.645833333,536,0.429,0.262,0.223,0.025,496,520,516,0.722
02M529,Jacqueline Kennedy Onassis High School,Manhattan,M486,120 West 46th Street,Manhattan,NY,10036,40.75776,-73.98319,212-391-0041,0.333333333,0.625,676,0.036,0.213,0.701,0.04,418,422,415,0.538
02M280,Manhattan Early College School for Advertising,Manhattan,M520,411 Pearl Street,Manhattan,NY,10038,40.71068,-74.00081,718-935-3477  ,0.354166667,0.65625,97,0.155,0.32,0.433,0.072,438,425,482,0.553
02M520,Murry Bergtraum High School for Business Careers,Manhattan,M520,411 Pearl Street,Manhattan,NY,10038,40.71068,-74.00081,212-964-9610,0.333333333,0.625,971,0.03,0.461,0.407,0.089,418,415,398,0.443
02M282,Urban Assembly Maker Academy,Manhattan,M520,411 Pearl Street,Manhattan,NY,10038,40.70934,-74.0053,718-935-3442,0.375,0.65625,103,0.097,0.243,0.456,0.107,427,416,438,0.532
02M139,Stephen T. Mather Building Arts and Craftsmanship High School,Manhattan,M520,411 Pearl Street,Manhattan,NY,10038,40.71068,-74.00081,212-225-0998,0.381944444,0.645833333,193,0.088,0.249,0.611,0.036,482,479,462,0.637
05M499,Frederick Douglass Academy,Manhattan,M010,2581 7th Avenue,Manhattan,NY,10039,40.82431,-73.93698,212-491-4107,0.333333333,0.625,1428,0.014,0.704,0.232,0.017,463,452,450,0.651
06M463,High School for Media and Communications,Manhattan,M465,549 Audubon Avenue,Manhattan,NY,10040,40.85594,-73.92703,212-927-1841,0.333333333,0.65625,479,0.013,0.138,0.825,0.019,378,381,383,0.33
06M462,College Academy,Manhattan,M465,549 Audubon Avenue,Manhattan,NY,10040,40.85594,-73.92703,212-927-1841,0.333333333,0.65625,491,0.006,0.09,0.892,0.002,367,377,363,0.419
06M467,High School for Law and Public Service,Manhattan,M465,549 Audubon Avenue,Manhattan,NY,10040,40.85594,-73.92703,212-342-6130,0.333333333,0.65625,671,0.016,0.168,0.808,0.004,401,394,381,0.441
06M293,City College Academy of the Arts,Manhattan,M218,4600 Broadway,Manhattan,NY,10040,40.86111,-73.93045,212-567-3164,0.34375,0.666666667,587,0.012,0.038,0.941,0.009,495,445,450,0.953
06M468,High School for Health Careers and Sciences,Manhattan,M465,549 Audubon Avenue,Manhattan,NY,10040,40.85594,-73.92703,212-927-1841,0.333333333,0.65625,605,0.015,0.159,0.798,0.013,374,385,389,0.562
02M459,Manhattan International High School,Manhattan,M480,317 East 67th Street,Manhattan,NY,10065,40.76545,-73.96021,212-517-6728,0.364583333,0.628472222,343,0.122,0.166,0.411,0.294,438,358,382,0.586
02M519,Talent Unlimited High School,Manhattan,M480,317 East 67th Street,Manhattan,NY,10065,40.76545,-73.96021,212-737-1530,0.340277778,0.638888889,506,0.204,0.334,0.399,0.049,485,498,496,0.893
02M449,Vanguard High School,Manhattan,M480,317 East 67th Street,Manhattan,NY,10065,40.76545,-73.96021,212-517-5175,0.333333333,0.625,486,0.047,0.274,0.57,0.076,431,409,396,0.638
02M655,Life Sciences Secondary School,Manhattan,M645,320 East 96th Street,Manhattan,NY,10128,40.78364,-73.94574,212-348-1694,0.333333333,0.625,697,0.032,0.283,0.622,0.043,435,440,425,0.63
02M475,Stuyvesant High School,Manhattan,M477,345 Chambers Street,Manhattan,NY,10282,40.71775,-74.01405,212-312-4800,0.333333333,0.645833333,3296,0.204,0.008,0.026,0.734,754,697,693,0.974
31R600,Ralph R. McKee Career and Technical Education High School,Staten Island,R600,290 St Marks Place,Staten Island,NY,10301,40.64274,-74.07871,718-420-2600,0.333333333,0.625,624,0.197,0.308,0.425,0.048,420,429,409,0.38
31R080,Michael J. Petrides School,Staten Island,R880,715 Ocean Terrace,Staten Island,NY,10301,40.60745,-74.10148,718-815-0186,0.333333333,0.597222222,1327,0.498,0.223,0.202,0.069,483,473,470,0.792
31R450,Curtis High School,Staten Island,R450,105 Hamilton Avenue,Staten Island,NY,10301,40.64474,-74.08134,718-390-1800,0.375,0.645833333,2499,0.177,0.384,0.36,0.071,453,458,444,0.642
31R445,Port Richmond High School,Staten Island,R445,85 St Josephs Avenue,Staten Island,NY,10302,40.63384,-74.14211,718-420-2100,0.333333333,0.614583333,1628,0.217,0.279,0.428,0.07,432,427,425,0.446
31R605,Staten Island Technical High School,Staten Island,R440,485 Clawson Street,Staten Island,NY,10306,40.56791,-74.11536,718-667-3222,0.322916667,0.604166667,1247,0.522,0.01,0.052,0.411,711,660,670,0.997
31R440,New Dorp High School,Staten Island,R435,465 New Dorp Lane,Staten Island,NY,10306,40.56918,-74.1073,718-667-8686,0.336805556,0.631944444,2791,0.518,0.121,0.278,0.075,454,446,444,0.637
31R455,Tottenville High School,Staten Island,R455,100 Luten Avenue,Staten Island,NY,10312,40.52823,-74.19215,718-668-8800,0.333333333,0.614583333,3982,0.799,0.018,0.118,0.051,494,476,476,0.789
31R460,Susan E. Wagner High School,Staten Island,R460,1200 Manor Road,Staten Island,NY,10314,40.59865,-74.1231,718-698-4200,0.344444444,0.625,3363,0.477,0.109,0.27,0.134,496,490,487,0.663
31R064,Gaynor McCown Expeditionary Learning School,Staten Island,R043,100 Essex Drive,Staten Island,NY,10314,40.58202,-74.15785,718-370-6950,0.333333333,0.597222222,479,0.616,0.138,0.19,0.033,442,458,454,0.558
31R047,CSI High School for International Studies,Staten Island,R043,100 Essex Drive,Staten Island,NY,10314,40.58202,-74.15785,718-370-6900,0.3125,0.659722222,520,0.556,0.088,0.198,0.112,477,468,464,0.835
07X522,Bronx Design and Construction Academy,Bronx,X600,333 East 151st Street,Bronx,NY,10451,40.81825,-73.91974,718-402-7690,0.333333333,0.645833333,563,0.034,0.24,0.705,0.014,401,428,413,0.008
07X547,New Explorers High School,Bronx,X790,730 Concourse Village West,Bronx,NY,10451,40.82278,-73.92352,718-292-4150,0.354166667,0.645833333,475,0.004,0.314,0.676,0.004,390,398,376,0.304
09X505,"Bronx School for Law, Government, and Justice",Bronx,X460,244 East 163rd Street,Bronx,NY,10451,40.82759,-73.91867,718-410-3430,0.34375,0.625,778,0.01,0.231,0.72,0.022,403,409,415,0.638
07X548,Urban Assembly School for Careers in Sports,Bronx,X790,730 Concourse Village West,Bronx,NY,10451,40.82278,-73.92352,718-292-7110,0.350694444,0.6375,587,0.014,0.286,0.695,0.002,402,405,395,0.555
07X527,Bronx Leadership Academy II High School,Bronx,X790,730 Concourse Village West,Bronx,NY,10451,40.82278,-73.92352,718-292-7171,0.354166667,0.635416667,495,0.008,0.323,0.634,0.022,384,355,361,0.613
07X551,Urban Assembly Bronx Academy of Letters,Bronx,X183,339 Morris Avenue,Bronx,NY,10451,40.81336,-73.92554,718-401-4891,0.333333333,0.659722222,591,0.015,0.304,0.669,0.009,398,400,405,0.578
07X670,Health Opportunities High School,Bronx,X884,350 Gerard Avenue,Bronx,NY,10451,40.81608,-73.93032,718-401-1826,0.34375,0.649305556,554,0.018,0.361,0.579,0.031,374,386,382,0.579
07X427,Community School for Social Justice,Bronx,X884,350 Gerard Avenue,Bronx,NY,10451,40.81608,-73.93032,718-402-8481,0.354166667,0.625,324,0.012,0.296,0.673,0.015,380,382,362,0.384
07X600,Alfred E. Smith Career and Technical Education High School,Bronx,X600,333 East 151st Street,Bronx,NY,10451,40.81825,-73.91974,718-993-5000,0.368055556,0.625,375,0.008,0.291,0.683,0.011,390,373,371,0.298
09X327,Comprehensive Model School Project,Bronx,X240,1501 Jerome Avenue,Bronx,NY,10452,40.84241,-73.91616,718-294-8111,0.333333333,0.666666667,628,0.006,0.233,0.76,0,349,327,342,0.352
09X365,Academy for Language and Technology,Bronx,X082,1700 Macombs Road,Bronx,NY,10453,40.8491,-73.91609,718-731-0219,0.333333333,0.666666667,322,0,0.003,0.997,0,371,334,337,0.789
07X223,Laboratory School of Finance and Technology,Bronx,X149,360 East 145th Street,Bronx,NY,10454,40.81401,-73.92084,718-585-8202,0.326388889,0.625,502,0.009,0.206,0.785,0,430,428,412,0.835
07X221,South Bronx Preparatory (College Board),Bronx,X149,360 East 145th Street,Bronx,NY,10454,40.81401,-73.92084,718-292-2211,0.333333333,0.625,654,0.014,0.252,0.703,0.017,419,414,394,0.769
07X334,International Community High School,Bronx,X139,345 Brook Avenue,Bronx,NY,10454,40.81004,-73.91781,718-665-4128,0.375,0.666666667,463,0.013,0.14,0.767,0.065,345,338,312,0.582
07X495,University Heights Secondary School,Bronx,X470,701 St Anns Avenue,Bronx,NY,10455,40.81817,-73.91109,718-292-0578,0.364583333,0.625,486,0.016,0.3,0.646,0.031,420,446,424,0.878
07X473,Mott Haven Village Preparatory High School,Bronx,X470,701 St Anns Avenue,Bronx,NY,10455,40.81817,-73.91109,718-402-0571,0.354166667,0.625,364,0.005,0.253,0.736,0.003,377,373,369,0.449
09X543,High School for Violin and Dance,Bronx,X400,1110 Boston Road,Bronx,NY,10456,40.8276,-73.90448,718-842-0687,0.333333333,0.625,384,0.003,0.341,0.646,0.005,363,401,396,0.313
09X403,Bronx International High School,Bronx,X400,1110 Boston Road,Bronx,NY,10456,40.8276,-73.90448,718-620-1053,0.375,0.65625,409,0.017,0.2,0.741,0.034,355,330,320,0.591
12X479,Bronx Career and College Preparatory High School,Bronx,X158,800 Home Street,Bronx,NY,10456,40.82776,-73.90039,718-542-4011,0.333333333,0.59375,333,0.006,0.405,0.568,0.009,370,379,381,0.407
09X260,Bronx Center for Science and Mathematics,Bronx,X002,1363 Fulton Avenue,Bronx,NY,10456,40.83374,-73.90245,718-992-7089,0.3125,0.642361111,457,0.015,0.254,0.659,0.063,513,468,485,0.739
09X324,Bronx Early College Academy for Teaching and Learning,Bronx,X166,250 East 164th Street,Bronx,NY,10456,40.82871,-73.91776,718-681-8287,0.354166667,0.635416667,503,0.004,0.287,0.674,0.036,424,413,409,0.933
09X250,Eximius College Preparatory Academy (College Board),Bronx,X002,1363 Fulton Avenue,Bronx,NY,10456,40.83374,-73.90245,718-992-7154,0.333333333,0.640277778,449,0.007,0.452,0.521,0.011,400,391,397,0.782
12X267,Bronx Latin,Bronx,X158,800 Home Street,Bronx,NY,10456,40.82776,-73.90039,718-991-6349,0.354166667,0.635416667,546,0,0.212,0.771,0.017,394,381,363,0.81
09X404,School for Excellence,Bronx,X400,1110 Boston Road,Bronx,NY,10456,40.8276,-73.90448,718-860-1385,0.34375,0.614583333,421,0.01,0.266,0.708,0.007,377,385,383,0.384
09X297,Morris Academy for Collaborative Studies,Bronx,X400,1110 Boston Road,Bronx,NY,10456,40.8276,-73.90448,718-542-3700,0.34375,0.645833333,471,0.004,0.263,0.72,0.008,407,389,386,0.448
09X517,Frederick Douglass Academy III Secondary School,Bronx,X148,3630 Third Avenue,Bronx,NY,10456,40.83417,-73.90403,718-538-9726,0.354166667,0.666666667,427,0.023,0.504,0.454,0.007,387,386,386,0.505
09X241,Urban Assembly School for Applied Math and Science,Bronx,X970,1595 Bathgate Avenue,Bronx,NY,10457,40.83933,-73.90131,718-466-7800,0.354166667,0.645833333,619,0.011,0.33,0.641,0.014,445,418,422,0.878
09X227,Bronx Collegiate Academy,Bronx,X410,240 East 172nd Street,Bronx,NY,10457,40.84037,-73.91084,718-410-4077,0.354166667,0.645833333,382,0.003,0.285,0.691,0.01,395,401,382,0.455
09X252,Mott Hall Bronx High School,Bronx,X970,1595 Bathgate Avenue,Bronx,NY,10457,40.83933,-73.90131,718-466-6800,0.354166667,0.635416667,402,0.012,0.201,0.756,0.012,417,399,398,0.462
09X525,Bronx Leadership Academy High School,Bronx,X876,1710 Webster Avenue,Bronx,NY,10457,40.84358,-73.90322,718-299-4274,0.333333333,0.655555556,686,0.006,0.357,0.617,0.004,375,372,374,0.491
09X263,Validus Preparatory Academy: An Expeditionary Learning School,Bronx,X970,1595 Bathgate Avenue,Bronx,NY,10457,40.83933,-73.90131,718-466-4000,0.34375,0.635416667,375,0.008,0.269,0.707,0.016,382,375,384,0.592
09X413,Bronx High School for Medical Science,Bronx,X410,240 East 172nd Street,Bronx,NY,10457,40.84037,-73.91084,718-410-4040,0.322916667,0.635416667,472,0.007,0.367,0.534,0.071,431,421,426,0.839
09X231,Eagle Academy for Young Men,Bronx,X465,4143 Third Avenue,Bronx,NY,10457,40.84519,-73.89698,718-466-8000,0.354166667,0.666666667,608,0.005,0.607,0.36,0.003,398,410,397,0.657
09X412,Bronx High School of Business,Bronx,X410,240 East 172nd Street,Bronx,NY,10457,40.84037,-73.91084,718-410-4060,0.322916667,0.635416667,339,0.012,0.333,0.631,0.015,365,360,346,0.333
09X329,DreamYard Preparatory School,Bronx,X410,240 East 172nd Street,Bronx,NY,10457,40.84037,-73.91084,718-410-4242,0.361111111,0.635416667,336,0.012,0.336,0.607,0.015,385,385,388,0.511
10X225,Theatre Arts Production Company School,Bronx,X137,2225 Webster Avenue,Bronx,NY,10457,40.85465,-73.89665,718-584-0832,0.354166667,0.645833333,632,0.007,0.292,0.666,0.012,402,421,410,0.777
10X243,West Bronx Academy for the Future,Bronx,X435,500 East Fordham Road,Bronx,NY,10458,40.86001,-73.88823,718-563-7139,0.354166667,0.635416667,599,0.03,0.211,0.72,0.027,404,383,378,0.573
10X439,Bronx High School for Law and Community Service,Bronx,X435,500 East Fordham Road,Bronx,NY,10458,40.86001,-73.88823,718-733-5274,0.34375,0.666666667,398,0.018,0.244,0.709,0.013,401,402,386,0.648
10X264,Bronx Academy for Software Engineering (BASE),Bronx,X660,2474 Crotona Avenue,Bronx,NY,10458,40.85592,-73.88258,718-733-6024,0.354166667,0.645833333,226,0.027,0.288,0.606,0.075,423,417,413,0.738
10X434,Belmont Preparatory High School,Bronx,X435,500 East Fordham Road,Bronx,NY,10458,40.86001,-73.88823,718-733-4559,0.34375,0.65625,416,0.019,0.3,0.656,0.022,413,408,402,0.553
10X437,Fordham High School for the Arts,Bronx,X435,500 East Fordham Road,Bronx,NY,10458,40.86001,-73.88823,718-733-4656,0.333333333,0.65625,401,0.025,0.309,0.651,0.01,398,404,412,0.562
10X565,High School for Energy and Technology,Bronx,X660,2474 Crotona Avenue,Bronx,NY,10458,40.85592,-73.88258,718-733-3080,0.333333333,0.65625,311,0.01,0.267,0.701,0.013,427,418,437,0.589
10X374,Knowledge and Power Preparatory Academy International High School (KAPPA),Bronx,X435,500 East Fordham Road,Bronx,NY,10458,40.86001,-73.88823,718-933-1247,0.3125,0.666666667,487,0.021,0.322,0.614,0.025,408,417,404,0.667
10X438,Fordham Leadership Academy for Business and Technology,Bronx,X435,500 East Fordham Road,Bronx,NY,10458,40.86001,-73.88823,718-733-5024,0.333333333,0.666666667,438,0.027,0.276,0.678,0.018,355,373,368,0.443
12X248,Metropolitan High School,Bronx,X099,1180 Rev JA Polite Avenue,Bronx,NY,10459,40.82523,-73.89395,718-991-4634,0.333333333,0.666666667,326,0.003,0.215,0.748,0.009,387,388,386,0.659
08X332,Holcombe L. Rucker School of Community Research,Bronx,X039,965 Longwood Avenue,Bronx,NY,10459,40.81744,-73.89805,718-860-1053,0.34375,0.635416667,236,0.004,0.432,0.547,0.004,376,372,369,0.59
08X530,Banana Kelly High School,Bronx,X039,965 Longwood Avenue,Bronx,NY,10459,40.81744,-73.89805,718-860-1242,0.364583333,0.628472222,325,0.012,0.372,0.606,0,378,391,378,0.257
08X269,Bronx Studio School for Writers and Artists,Bronx,X392,928 Simpson Street,Bronx,NY,10459,40.82062,-73.89307,718-893-5158,0.347222222,0.638888889,565,0.006,0.203,0.769,0.012,417,412,403,0.716
12X278,Peace and Diversity Academy,Bronx,X099,1180 Rev JA Polite Avenue,Bronx,NY,10459,40.82523,-73.89395,718-991-1855,0.364583333,0.635416667,170,0.018,0.441,0.524,0.006,366,362,365,0.271
12X271,East Bronx Academy for the Future,Bronx,X973,1716 Southern Boulevard,Bronx,NY,10460,40.83695,-73.88796,718-861-8641,0.354166667,0.625,618,0.005,0.254,0.71,0.03,418,406,408,0.411
12X511,Bronx Envision Academy,Bronx,X098,1619 Boston Road,Bronx,NY,10460,40.83594,-73.89047,718-589-1590,0.350694444,0.635416667,355,0.02,0.344,0.603,0.02,364,385,366,0.765
12X682,Fannie Lou Hamer Freedom High School,Bronx,X878,1021 Jennings Street,Bronx,NY,10460,40.83081,-73.88602,718-861-0521,0.364583333,0.614583333,470,0.002,0.285,0.704,0.004,345,347,339,0.75
12X251,Explorations Academy,Bronx,X098,1619 Boston Road,Bronx,NY,10460,40.83594,-73.89047,718-893-6173,0.333333333,0.645833333,358,0.02,0.271,0.698,0.008,377,372,365,0.43
12X372,Urban Assembly School for Wildlife Conservation,Bronx,X067,2024 Mohegan Avenue,Bronx,NY,10460,40.84404,-73.88469,718-991-2695,0.361111111,0.625,571,0.022,0.253,0.694,0.022,393,397,379,0.711
12X684,Wings Academy,Bronx,X879,1122 East 180th Street,Bronx,NY,10460,40.84181,-73.87542,718-597-1751,0.333333333,0.625,501,0.012,0.585,0.379,0.008,379,372,373,0.492
08X348,Schuylerville Preparatory High School,Bronx,X405,3000 East Tremont Avenue,Bronx,NY,10461,40.84051,-73.83812,718-904-4200,0.333333333,0.652777778,177,0.062,0.22,0.667,0.04,401,429,404,0.392
08X293,Renaissance High School for Musical Theater and Technology,Bronx,X405,3000 East Tremont Avenue,Bronx,NY,10461,40.84051,-73.83812,718-430-6390,0.34375,0.625,444,0.072,0.279,0.61,0.032,390,411,393,0.523
08X405,Herbert H. Lehman High School,Bronx,X405,3000 East Tremont Avenue,Bronx,NY,10461,40.84051,-73.83812,718-904-4200,0.34375,0.65625,1535,0.106,0.236,0.549,0.092,426,419,407,0.289
08X349,Bronx River High School,Bronx,X405,3000 East Tremont Avenue,Bronx,NY,10461,40.84051,-73.83812,718-904-4210,0.343055556,0.65,204,0.025,0.299,0.608,0.029,413,428,415,0.453
11X418,Bronx High School for the Visual Arts,Bronx,X839,2040 Antin Place,Bronx,NY,10462,40.85143,-73.86502,718-319-5160,0.34375,0.614583333,483,0.068,0.273,0.615,0.037,408,428,404,0.325
10X368,In-Tech Academy,Bronx,X368,2975 Tibbett Avenue,Bronx,NY,10463,40.88005,-73.90921,718-432-4300,0.354166667,0.645833333,1022,0.034,0.108,0.828,0.028,426,419,404,0.859
10X284,Bronx School of Law and Finance,Bronx,X475,99 Terrace View Avenue,Bronx,NY,10463,40.87705,-73.91234,718-561-0113,0.333333333,0.614583333,426,0.026,0.303,0.648,0.021,384,394,366,0.483
10X213,Bronx Engineering and Technology Academy,Bronx,X475,99 Terrace View Avenue,Bronx,NY,10463,40.87705,-73.91234,718-563-6678,0.34375,0.6875,417,0.014,0.343,0.559,0.067,394,406,391,0.596
10X546,Bronx Theatre High School,Bronx,X475,99 Terrace View Avenue,Bronx,NY,10463,40.87705,-73.91234,718-329-2902,0.361111111,0.666666667,428,0.016,0.301,0.671,0.005,382,384,390,0.667
10X477,Marble Hill High School for International Studies,Bronx,X475,99 Terrace View Avenue,Bronx,NY,10463,40.87705,-73.91234,718-561-0973,0.354166667,0.694444444,449,0.051,0.245,0.61,0.089,451,417,423,0.929
10X237,"Marie Curie School for Medicine, Nursing, and Health Professions",Bronx,X143,120 West 231st Street,Bronx,NY,10463,40.87598,-73.90123,718-432-6491,0.333333333,0.614583333,583,0.033,0.357,0.569,0.027,423,420,425,0.686
10X141,Riverdale/Kingsbridge Academy,Bronx,X141,660 West 237th Street,Bronx,NY,10463,40.88837,-73.91409,718-796-8516,0.347222222,0.611111111,1381,0.237,0.123,0.557,0.077,496,485,476,0.694
11X513,New World High School,Bronx,X362,921 East 228th Street,Bronx,NY,10466,40.88792,-73.85287,718-696-3800,0.333333333,0.625,408,0.076,0.093,0.662,0.137,407,363,358,0.93
11X514,Bronxwood Preparatory Academy,Bronx,X362,921 East 228th Street,Bronx,NY,10466,40.88792,-73.85287,718-696-3820,0.333333333,0.625,423,0.038,0.619,0.288,0.033,392,408,392,0.433
11X270,Academy for Scholarship and Entrepreneurship (College Board),Bronx,X362,921 East 228th Street,Bronx,NY,10466,40.88792,-73.85287,718-696-3840,0.333333333,0.622222222,371,0.011,0.636,0.305,0.032,392,408,400,0.634
11X544,High School for Contemporary Arts,Bronx,X425,800 East Gun Hill Road,Bronx,NY,10467,40.87575,-73.86139,718-944-5610,0.333333333,0.614583333,493,0.01,0.381,0.592,0.008,367,381,361,0.41
11X545,Bronx Aerospace High School,Bronx,X425,800 East Gun Hill Road,Bronx,NY,10467,40.87575,-73.86139,718-696-6010,0.375,0.708333333,431,0.021,0.292,0.645,0.023,403,410,393,0.505
11X290,Bronx Academy of Health Careers,Bronx,X425,800 East Gun Hill Road,Bronx,NY,10467,40.87575,-73.86139,718-696-3340,0.350694444,0.635416667,465,0.019,0.447,0.473,0.047,386,380,391,0.594
11X275,High School of Computers and Technology,Bronx,X425,800 East Gun Hill Road,Bronx,NY,10467,40.87575,-73.86139,718-696-3930,0.333333333,0.625,567,0.012,0.344,0.58,0.049,396,399,377,0.656
11X265,Bronx Lab School,Bronx,X425,800 East Gun Hill Road,Bronx,NY,10467,40.87575,-73.86139,718-696-3700,0.364583333,0.708333333,471,0.015,0.399,0.544,0.036,407,416,401,0.774
11X253,Bronx High School for Writing and Communication Arts,Bronx,X425,800 East Gun Hill Road,Bronx,NY,10467,40.87575,-73.86139,718-944-5660,0.333333333,0.625,389,0.013,0.45,0.491,0.033,380,437,425,0.381
10X433,High School for Teaching and the Professions,Bronx,X430,2780 Reservoir Avenue,Bronx,NY,10468,40.87038,-73.89816,718-329-7380,0.364583333,0.65625,486,0.027,0.204,0.745,0.019,372,361,369,0.465
10X445,Bronx High School of Science,Bronx,X445,75 West 205th Street,Bronx,NY,10468,40.87706,-73.88978,718-817-7700,0.333333333,0.65625,3015,0.221,0.026,0.055,0.628,714,660,667,0.97
10X268,Kingsbridge International High School,Bronx,X430,2780 Reservoir Avenue,Bronx,NY,10468,40.87038,-73.89816,718-329-8580,0.322916667,0.614583333,461,0.02,0.052,0.859,0.065,366,311,310,0.507
10X549,Discovery High School,Bronx,X430,2780 Reservoir Avenue,Bronx,NY,10468,40.87038,-73.89816,718-733-3872,0.364583333,0.65625,530,0.023,0.174,0.772,0.025,432,396,395,0.399
10X353,World View High School,Bronx,X440,100 West Mosholu Parkway South,Bronx,NY,10468,40.88008,-73.8859,718-601-0391,0.375,0.666666667,173,0.012,0.277,0.688,0.012,483,436,452,0.562
10X442,Celia Cruz Bronx High School of Music,Bronx,X430,2780 Reservoir Avenue,Bronx,NY,10468,40.87038,-73.89816,718-329-8550,0.333333333,0.65625,430,0.012,0.253,0.7,0.014,417,434,425,0.756
10X696,High School of American Studies at Lehman College,Bronx,X905,2925 Goulden Avenue,Bronx,NY,10468,40.87126,-73.89752,718-329-2144,0.333333333,0.625,376,0.508,0.04,0.152,0.231,669,672,672,0.918
10X440,DeWitt Clinton High School,Bronx,X440,100 West Mosholu Parkway South,Bronx,NY,10468,40.88008,-73.8859,718-543-1000,0.333333333,0.615277778,2109,0.036,0.316,0.545,0.086,445,436,433,0.318
10X342,International School for Liberal Arts,Bronx,X430,2780 Reservoir Avenue,Bronx,NY,10468,40.87038,-73.89816,718-329-8570,0.333333333,0.65625,561,0.005,0,0.995,0,390,387,379,0.192
10X351,Bronx Collaborative High School,Bronx,X440,100 West Mosholu Parkway South,Bronx,NY,10468,40.88008,-73.8859,718-543-1023,0.375,0.666666667,223,0.049,0.296,0.623,0.013,372,385,367,0.327
11X299,Astor Collegiate Academy,Bronx,X415,925 Astor Avenue,Bronx,NY,10469,40.8597,-73.86074,718-944-3418,0.315972222,0.663194444,476,0.105,0.334,0.479,0.065,422,417,409,0.579
11X542,Pelham Preparatory Academy,Bronx,X415,925 Astor Avenue,Bronx,NY,10469,40.8597,-73.86074,718-944-3601,0.34375,0.65625,489,0.065,0.356,0.489,0.055,420,433,425,0.77
11X509,High School of Language and Innovation,Bronx,X415,925 Astor Avenue,Bronx,NY,10469,40.8597,-73.86074,718-944-3625,0.350694444,0.635416667,354,0.11,0.119,0.576,0.167,356,340,320,0.727
11X288,Collegiate Institute for Math and Science,Bronx,X415,925 Astor Avenue,Bronx,NY,10469,40.8597,-73.86074,718-944-3635,0.34375,0.677083333,687,0.095,0.338,0.435,0.116,488,461,458,0.798
11X508,Bronxdale High School,Bronx,X415,925 Astor Avenue,Bronx,NY,10469,40.8597,-73.86074,718-944-3655,0.350694444,0.663194444,427,0.094,0.288,0.571,0.03,418,432,436,0.725
12X388,Pan American International High School at Monroe,Bronx,X420,1300 Boynton Avenue,Bronx,NY,10472,40.83137,-73.87882,718-991-7238,0.354166667,0.729166667,428,0,0,1,0,317,315,292,0.656
12X478,Cinema School,Bronx,X423,1551 East 172nd Street,Bronx,NY,10472,40.83136,-73.87834,718-620-2560,0.354166667,0.65625,338,0.041,0.219,0.698,0.038,430,449,448,0.883
12X692,Monroe Academy for Visual Arts and Design,Bronx,X420,1300 Boynton Avenue,Bronx,NY,10472,40.83137,-73.87882,718-860-8160,0.354166667,0.625,445,0.009,0.18,0.784,0.011,361,354,351,0.468
12X242,Mott Hall V,Bronx,X423,1551 East 172nd Street,Bronx,NY,10472,40.83136,-73.87834,718-620-8160,0.333333333,0.645833333,669,0.017,0.222,0.706,0.042,430,422,414,0.775
12X521,Metropolitan Soundview High School,Bronx,X420,1300 Boynton Avenue,Bronx,NY,10472,40.83137,-73.87882,718-860-8240,0.354166667,0.652777778,416,0.017,0.262,0.673,0.026,444,428,422,0.52
12X550,High School of World Cultures,Bronx,X420,1300 Boynton Avenue,Bronx,NY,10472,40.83137,-73.87882,718-860-8120,0.333333333,0.666666667,410,0.012,0.083,0.802,0.08,356,359,347,0.382
08X312,Millennium Art Academy,Bronx,X450,1980 Lafayette Avenue,Bronx,NY,10473,40.8223,-73.85596,718-824-0978,0.333333333,0.625,487,0.018,0.3,0.651,0.023,396,413,395,0.392
08X452,Bronx Guild,Bronx,X450,1980 Lafayette Avenue,Bronx,NY,10473,40.8223,-73.85596,718-597-1587,0.354166667,0.625,326,0.012,0.322,0.617,0.04,365,393,357,0.413
08X367,"Archimedes Academy for Math, Science, and Technology Applications",Bronx,X174,456 White Plains Road,Bronx,NY,10473,40.81492,-73.85657,718-617-5046,0.350694444,0.635416667,637,0.022,0.309,0.606,0.055,418,430,403,0.512
08X432,Bronx Bridges High School,Bronx,X450,1980 Lafayette Avenue,Bronx,NY,10473,40.8223,-73.85596,718-829-2984,0.333333333,0.65625,333,0.018,0.066,0.829,0.078,397,357,395,0.012
08X305,Pablo Neruda Academy,Bronx,X450,1980 Lafayette Avenue,Bronx,NY,10473,40.8223,-73.85596,718-824-1682,0.333333333,0.659722222,315,0.013,0.26,0.676,0.044,394,384,383,0.442
08X282,Women's Academy of Excellence,Bronx,X174,456 White Plains Road,Bronx,NY,10473,40.81492,-73.85657,718-542-0740,0.354166667,0.614583333,345,0.026,0.501,0.412,0.035,386,390,389,0.452
08X561,Bronx Compass High School,Bronx,X450,1980 Lafayette Avenue,Bronx,NY,10473,40.8223,-73.85596,718-828-1206,0.354166667,0.635416667,332,0.009,0.346,0.602,0.024,342,312,325,0.362
08X519,Felisa Rincon de Gautier Institute for Law and Public Policy,Bronx,X972,1440 Story Avenue,Bronx,NY,10473,40.82117,-73.88114,718-860-5110,0.333333333,0.596527778,307,0.029,0.254,0.678,0.02,389,408,413,0.313
08X376,Antonia Pantoja Preparatory Academy (College Board),Bronx,X450,1980 Lafayette Avenue,Bronx,NY,10473,40.8223,-73.85596,718-824-3152,0.333333333,0.614583333,450,0.013,0.262,0.654,0.063,435,415,423,0.449
11X249,Bronx Health Sciences High School,Bronx,X455,750 Baychester Avenue,Bronx,NY,10475,40.87413,-73.8338,718-862-4406,0.302083333,0.625,374,0.027,0.519,0.345,0.075,407,421,427,0.871
11X455,Harry S. Truman High School,Bronx,X455,750 Baychester Avenue,Bronx,NY,10475,40.87413,-73.8338,718-904-5400,0.333333333,0.625,2058,0.022,0.516,0.427,0.024,400,401,391,0.415
24Q600,Queens Vocational and Technical High School,Queens,Q600,37-02 47th Avenue,Long Island City,NY,11101,40.74219,-73.92824,718-937-3010,0.333333333,0.6875,1553,0.073,0.058,0.746,0.121,467,436,432,0.534
24Q267,High School of Applied Communication,Queens,Q735,30-20 Thomson Avenue,Long Island City,NY,11101,40.74509,-73.93681,718-389-3163,0.354166667,0.645833333,421,0.135,0.126,0.544,0.159,435,437,441,0.709
24Q520,Middle College High School at LaGuardia Community College,Queens,Q520,45-35 Van Dam Street,Long Island City,NY,11101,40.74415,-73.93363,718-392-3330,0.333333333,0.579861111,514,0.07,0.047,0.796,0.084,377,389,377,0.487
30Q301,Academy for Careers in Television and Film,Queens,Q404,1-50 51st Avenue,Long Island City,NY,11101,40.74114,-73.94969,718-609-3330,0.375,0.645833333,515,0.208,0.159,0.542,0.058,444,458,444,0.95
24Q610,Aviation Career and Technical Education High School,Queens,Q610,45-30 36th Street,Long Island City,NY,11101,40.74359,-73.92908,718-361-2032,0.333333333,0.6875,2168,0.11,0.063,0.49,0.309,511,464,456,0.786
30Q575,Academy of American Studies,Queens,Q451,28-04 41st Avenue,Long Island City,NY,11101,40.7513,-73.93742,718-361-8786,0.409722222,0.677083333,874,0.283,0.073,0.343,0.293,495,482,479,0.848
30Q555,Newcomers High School,Queens,Q450,28-01 41st Avenue,Long Island City,NY,11101,40.75138,-73.93745,718-937-6005,0.333333333,0.625,993,0.062,0.024,0.546,0.367,490,374,381,0.471
24Q299,Bard High School Early College Queens,Queens,Q735,30-20 Thomson Avenue,Long Island City,NY,11101,40.74509,-73.93681,718-361-3133,0.375,0.638888889,623,0.345,0.114,0.17,0.342,631,598,610,0.941
24Q530,International High School at LaGuardia Community College,Queens,Q520,45-35 Van Dam Street,Long Island City,NY,11101,40.74415,-73.93363,718-392-3433,0.333333333,0.645833333,509,0.13,0.026,0.45,0.393,425,367,365,0.717
30Q502,Information Technology High School,Queens,Q725,21-16 44th Road,Long Island City,NY,11101,40.74792,-73.94657,718-937-4270,0.302083333,0.586805556,970,0.094,0.149,0.563,0.182,443,420,411,0.588
24Q560,Robert F. Wagner Jr. Secondary School for Arts and Technology,Queens,Q891,47-07 30th Place,Long Island City,NY,11101,40.74226,-73.93688,718-472-5671,0.333333333,0.625,610,0.109,0.049,0.643,0.192,478,445,445,0.711
24Q264,Academy of Finance and Enterprise,Queens,Q735,30-20 Thomson Avenue,Long Island City,NY,11101,40.74509,-73.93681,718-389-3623,0.34375,0.635416667,478,0.153,0.071,0.519,0.22,489,456,459,0.927
30Q286,Young Women's Leadership School in Astoria,Queens,Q739,23-15 Newtown Avenue,Astoria,NY,11102,40.77125,-73.9246,718-267-2839,0.333333333,0.638888889,572,0.196,0.047,0.38,0.377,483,464,477,1
30Q445,William Cullen Bryant High School,Queens,Q445,48-10 31st Avenue,Astoria,NY,11103,40.75812,-73.91033,718-721-5404,0.364583333,0.645833333,2496,0.161,0.056,0.487,0.284,466,424,426,0.569
30Q450,Long Island City High School,Queens,Q452,14-30 Broadway,Astoria,NY,11106,40.76576,-73.93273,718-545-7095,0.353472222,0.659722222,2123,0.09,0.135,0.602,0.157,430,423,412,0.516
30Q501,Frank Sinatra School of the Arts High School,Queens,Q570,35-12 35th Avenue,Astoria,NY,11106,40.75653,-73.92514,718-361-9920,0.322916667,0.635416667,808,0.387,0.136,0.334,0.105,536,543,543,0.895
30Q258,Energy Tech High School,Queens,Q204,36-41 28th Street,Astoria,NY,11106,40.7571,-73.93262,718-472-0536,0.364583333,0.649305556,227,0.159,0.115,0.427,0.233,412,424,421,0.792
30Q580,Baccalaureate School for Global Education,Queens,Q798,34-12 36th Avenue,Astoria,NY,11106,40.75517,-73.92682,718-361-5275,0.333333333,0.625,478,0.345,0.025,0.212,0.396,633,620,628,0.985
13K419,"Science Skills Center High School for Science, Technology, and the Creative Arts",Brooklyn,K805,49 Flatbush Avenue Extension,Brooklyn,NY,11201,40.69717,-73.98496,718-243-9413,0.338194444,0.652777778,528,0.021,0.705,0.184,0.068,399,397,386,0.659
13K439,Brooklyn International High School,Brooklyn,K805,49 Flatbush Avenue Extension,Brooklyn,NY,11201,40.69717,-73.98496,718-643-9315,0.385416667,0.645833333,345,0.139,0.177,0.267,0.417,432,334,333,0.927
15K497,School for International Studies,Brooklyn,K293,284 Baltic Street,Brooklyn,NY,11201,40.68545,-73.99349,718-330-9390,0.354166667,0.635416667,466,0.099,0.479,0.363,0.042,417,406,394,0.651
15K429,Brooklyn School for Global Studies,Brooklyn,K293,284 Baltic Street,Brooklyn,NY,11201,40.68545,-73.99349,718-694-9741,0.364583333,0.631944444,250,0.066,0.548,0.355,0.024,393,381,402,0.618
13K674,"City Polytechnic High School of Engineering, Architecture, and Technology",Brooklyn,K580,105 Johnson Street,Brooklyn,NY,11201,40.69494,-73.98604,718-875-1473,0.361111111,0.671527778,458,0.035,0.697,0.197,0.066,503,477,427,0.185
13K527,Urban Assembly Institute of Math and Science for Young Women,Brooklyn,K313,283 Adams Street,Brooklyn,NY,11201,40.69462,-73.98862,718-260-2300,0.354166667,0.638888889,470,0.049,0.736,0.148,0.035,397,415,407,0.824
13K483,Urban Assembly School for Law and Justice,Brooklyn,K313,283 Adams Street,Brooklyn,NY,11201,40.69462,-73.98862,718-858-1160,0.361111111,0.652777778,448,0.009,0.714,0.219,0.02,446,443,430,0.876
15K519,Cobble Hill School of American Studies,Brooklyn,K804,347 Baltic Street,Brooklyn,NY,11201,40.68458,-73.99109,718-403-9544,0.333333333,0.625,596,0.044,0.638,0.25,0.045,416,420,402,0.553
13K605,George Westinghouse Career and Technical Education High School,Brooklyn,K580,105 Johnson Street,Brooklyn,NY,11201,40.69494,-73.98604,718-625-6130,0.354166667,0.645833333,634,0.021,0.744,0.197,0.025,394,422,400,0.453
13K350,Urban Assembly High School of Music and Art,Brooklyn,K805,49 Flatbush Avenue Extension,Brooklyn,NY,11201,40.69717,-73.98496,718-858-0249,0.354166667,0.666666667,387,0.005,0.775,0.207,0.005,372,372,361,0.551
18K629,Cultural Academy for the Arts and Sciences,Brooklyn,K415,5800 Tilden Avenue,Brooklyn,NY,11203,40.64866,-73.9219,718-968-6630,0.333333333,0.625,353,0.006,0.904,0.085,0.006,382,395,384,0.573
17K745,Brooklyn Institute for Liberal Arts,Brooklyn,K470,600 Kingston Avenue,Brooklyn,NY,11203,40.65952,-73.94255,718-221-1097,0.333333333,0.625,253,0.004,0.941,0.032,0.016,342,314,326,0.437
18K569,Kurt Hahn Expeditionary Learning School,Brooklyn,K415,5800 Tilden Avenue,Brooklyn,NY,11203,40.64866,-73.9219,718-629-1204,0.354166667,0.645833333,341,0.003,0.912,0.067,0.012,378,394,388,0.726
17K531,School for Human Rights,Brooklyn,K470,600 Kingston Avenue,Brooklyn,NY,11203,40.65952,-73.94255,718-771-4793,0.333333333,0.625,424,0.01,0.907,0.065,0.014,398,411,400,0.608
18K563,It Takes a Village Academy,Brooklyn,K415,5800 Tilden Avenue,Brooklyn,NY,11203,40.64866,-73.9219,718-629-2307,0.34375,0.677083333,566,0.011,0.903,0.057,0.005,364,374,361,0.622
17K546,High School for Public Service: Heroes of Tomorrow,Brooklyn,K470,600 Kingston Avenue,Brooklyn,NY,11203,40.65952,-73.94255,718-756-5325,0.354166667,0.635416667,454,0.011,0.758,0.174,0.053,468,454,464,0.954
18K589,Arts and Media Preparatory Academy,Brooklyn,K232,905 Winthrop Street,Brooklyn,NY,11203,40.65846,-73.92903,718-773-3908,0.368055556,0.652777778,279,0.014,0.828,0.125,0.011,370,383,374,0.642
17K533,School for Democracy and Leadership,Brooklyn,K470,600 Kingston Avenue,Brooklyn,NY,11203,40.65952,-73.94255,718-771-4865,0.333333333,0.618055556,319,0.023,0.876,0.074,0.008,386,385,390,0.535
20K609,Urban Assembly School for Criminal Justice,Brooklyn,K223,4200 16th Avenue,Brooklyn,NY,11204,40.63491,-73.98152,718-438-3893,0.364583333,0.65625,496,0.15,0.175,0.204,0.465,428,413,417,0.836
20K505,Franklin Delano Roosevelt High School,Brooklyn,K505,5800 20th Avenue,Brooklyn,NY,11204,40.62026,-73.98201,718-621-8800,0.395833333,0.677083333,3220,0.186,0.115,0.293,0.401,504,411,407,0.54
13K412,"Brooklyn Community High School of Communication, Arts, and Media",Brooklyn,K117,300 Willoughby Avenue,Brooklyn,NY,11205,40.69258,-73.95887,718-230-5748,0.354166667,0.638888889,404,0.007,0.785,0.178,0.012,358,386,380,0.517
13K265,Dr. Susan S. McKinney Secondary School of the Arts,Brooklyn,K265,101 Park Avenue,Brooklyn,NY,11205,40.69634,-73.97577,718-834-6760,0.333333333,0.635416667,421,0.007,0.73,0.228,0.007,332,346,350,0.551
13K670,Benjamin Banneker Academy,Brooklyn,K914,71-77 Clinton Avenue,Brooklyn,NY,11205,40.69566,-73.96929,718-797-3702,0.333333333,0.625,916,0.005,0.864,0.086,0.034,479,484,472,0.855
14K071,Juan Morel Campos Secondary School,Brooklyn,K071,215 Heyward Street,Brooklyn,NY,11206,40.70358,-73.95324,718-302-7900,0.333333333,0.59375,692,0.025,0.136,0.827,0.003,366,356,353,0.563
14K449,Brooklyn Latin School,Brooklyn,K049,223 Graham Avenue,Brooklyn,NY,11206,40.7099,-73.94366,718-366-0154,0.333333333,0.604166667,676,0.135,0.194,0.145,0.361,625,588,591,0.975
14K322,Foundations Academy,Brooklyn,K033,70 Tompkins Avenue,Brooklyn,NY,11206,40.69706,-73.94668,718-302-5092,0.354166667,0.645833333,113,0,0.673,0.292,0.018,324,386,326,0.189
14K614,Young Women's Leadership School of Brooklyn,Brooklyn,K147,325 Bushwick Avenue,Brooklyn,NY,11206,40.7056,-73.93948,718-387-5641,0.3125,0.614583333,380,0.008,0.638,0.283,0.033,312,317,325,0.157
14K454,Green School: An Academy for Environmental Careers,Brooklyn,K049,223 Graham Avenue,Brooklyn,NY,11206,40.7099,-73.94366,718-599-1207,0.333333333,0.645833333,276,0.014,0.38,0.591,0.007,384,398,399,0.411
14K586,Lyons Community School,Brooklyn,K049,223 Graham Avenue,Brooklyn,NY,11206,40.7099,-73.94366,718-782-0918,0.361111111,0.645833333,520,0.024,0.398,0.558,0.018,374,376,357,0.563
19K510,World Academy for Total Community Health High School,Brooklyn,K435,400 Pennsylvania Avenue,Brooklyn,NY,11207,40.66755,-73.8948,718-922-0650,0.336805556,0.597222222,284,0.014,0.757,0.19,0.025,380,389,384,0.409
19K502,FDNY High School for Fire and Life Safety,Brooklyn,K435,400 Pennsylvania Avenue,Brooklyn,NY,11207,40.66755,-73.8948,718-922-0389,0.333333333,0.625,324,0.019,0.716,0.244,0.012,365,369,357,0.477
19K660,W. H. Maxwell Career and Technical Education High School,Brooklyn,K660,145 Pennsylvania Avenue,Brooklyn,NY,11207,40.67422,-73.89645,718-345-9100,0.333333333,0.629861111,506,0.006,0.696,0.281,0.01,326,333,350,0.385
19K504,High School for Civil Rights,Brooklyn,K435,400 Pennsylvania Avenue,Brooklyn,NY,11207,40.66755,-73.8948,718-922-6289,0.333333333,0.635416667,319,0.019,0.74,0.229,0.003,391,373,376,0.264
19K507,Performing Arts and Technology High School,Brooklyn,K435,400 Pennsylvania Avenue,Brooklyn,NY,11207,40.66755,-73.8948,718-922-0762,0.336805556,0.625,406,0.005,0.808,0.182,0.002,375,393,394,0.398
19K409,East New York Family Academy,Brooklyn,K819,2057 Linden Boulevard,Brooklyn,NY,11207,40.66064,-73.88634,718-927-0012,0.333333333,0.625,479,0.004,0.676,0.295,0.022,464,451,421,0.667
19K639,Brooklyn Lab School,Brooklyn,K420,999 Jamaica Avenue,Brooklyn,NY,11208,40.69114,-73.86843,718-235-3592,0.348611111,0.632638889,334,0.009,0.356,0.569,0.054,383,376,370,0.468
19K583,Multicultural High School,Brooklyn,K420,999 Jamaica Avenue,Brooklyn,NY,11208,40.69114,-73.86843,718-827-2796,0.34375,0.635416667,229,0.004,0,0.996,0,319,323,284,0.286
19K683,"School for Classics: An Academy of Thinkers, Writers, and Performers",Brooklyn,K218,370 Fountain Avenue,Brooklyn,NY,11208,40.67068,-73.87422,718-277-1069,0.333333333,0.625,308,0.042,0.607,0.26,0.078,387,391,383,0.528
19K615,Transit Tech Career and Technical Education High School,Brooklyn,K615,1 Wells Street,Brooklyn,NY,11208,40.67823,-73.87597,718-647-5204,0.354166667,0.614583333,1093,0.013,0.636,0.272,0.061,387,387,384,0.372
19K659,Cypress Hills Collegiate Preparatory School,Brooklyn,K420,999 Jamaica Avenue,Brooklyn,NY,11208,40.69114,-73.86843,718-647-1672,0.340277778,0.625,330,0.033,0.197,0.712,0.045,365,370,362,0.538
19K404,Academy for Young Writers,Brooklyn,K422,1065 Elton Street,Brooklyn,NY,11208,40.65752,-73.87478,718-688-7230,0.378472222,0.645833333,547,0.012,0.731,0.219,0.015,382,413,391,0.812
19K618,Academy of Innovative Technology,Brooklyn,K420,999 Jamaica Avenue,Brooklyn,NY,11208,40.69114,-73.86843,718-827-2469,0.322916667,0.604166667,413,0.012,0.455,0.455,0.053,395,376,359,0.574
20K490,Fort Hamilton High School,Brooklyn,K490,8301 Shore Road,Brooklyn,NY,11209,40.62791,-74.03995,718-748-1537,0.375,0.65625,4372,0.341,0.045,0.292,0.301,513,456,451,0.687
22K405,Midwood High School,Brooklyn,K405,2839 Bedford Avenue,Brooklyn,NY,11210,40.63334,-73.95292,718-724-8500,0.364583333,0.645833333,3787,0.233,0.298,0.125,0.337,550,514,516,0.857
14K474,PROGRESS High School for Professional Careers,Brooklyn,K450,850 Grand Street,Brooklyn,NY,11211,40.71196,-73.94043,718-387-0228,0.333333333,0.614583333,1098,0.008,0.351,0.626,0.01,380,377,384,0.449
14K478,"High School for Enterprise, Business, and Technology",Brooklyn,K450,850 Grand Street,Brooklyn,NY,11211,40.71196,-73.94043,718-387-2800,0.322916667,0.65625,1001,0.025,0.361,0.569,0.04,463,446,425,0.545
14K488,Brooklyn Preparatory High School,Brooklyn,K650,257 North 6th Street,Brooklyn,NY,11211,40.71504,-73.95465,718-486-2550,0.347222222,0.631944444,494,0.02,0.547,0.403,0.024,391,406,391,0.745
14K685,El Puente Academy for Peace and Justice,Brooklyn,K778,250 Hooper Street,Brooklyn,NY,11211,40.70577,-73.95573,718-387-1125,0.375,0.645833333,245,0.012,0.118,0.853,0,344,380,379,0.625
14K477,School for Legal Studies,Brooklyn,K450,850 Grand Street,Brooklyn,NY,11211,40.71196,-73.94043,718-387-2800,0.333333333,0.645833333,598,0.013,0.458,0.5,0.01,393,390,394,0.348
14K561,Williamsburg Preparatory School,Brooklyn,K650,257 North 6th Street,Brooklyn,NY,11211,40.71504,-73.95465,718-302-2306,0.34375,0.635416667,682,0.1,0.164,0.696,0.026,443,440,430,0.878
14K558,Williamsburg High School for Architecture and Design,Brooklyn,K650,257 North 6th Street,Brooklyn,NY,11211,40.71504,-73.95465,718-388-1260,0.34375,0.635416667,595,0.042,0.316,0.6,0.024,415,424,407,0.601
23K514,Frederick Douglass Academy VII High School,Brooklyn,K175,226 Bristol Street,Brooklyn,NY,11212,40.66581,-73.9117,718-485-3789,0.379861111,0.64375,319,0.003,0.881,0.113,0,400,407,394,0.654
23K697,Teachers Preparatory High School,Brooklyn,K175,226 Bristol Street,Brooklyn,NY,11212,40.66581,-73.9117,718-498-2605,0.347222222,0.611111111,390,0.006,0.83,0.157,0.003,394,399,412,0.566
17K122,Pathways in Technology Early College High School,Brooklyn,K625,150 Albany Avenue,Brooklyn,NY,11213,40.6754,-73.93888,718-221-1593,0.34375,0.6875,438,0.007,0.856,0.091,0.03,446,442,410,0.694
17K751,Academy for Health Careers,Brooklyn,K625,150 Albany Avenue,Brooklyn,NY,11213,40.6754,-73.93888,718-773-0128,0.354166667,0.614583333,373,0.008,0.855,0.088,0.016,406,405,396,0.481
16K455,Boys and Girls High School,Brooklyn,K455,1700 Fulton Street,Brooklyn,NY,11213,40.67943,-73.93243,718-467-1700,0.34375,0.635416667,648,0.017,0.872,0.086,0.009,399,392,394,0.356
21K348,High School of Sports Management,Brooklyn,K400,2630 Benson Avenue,Brooklyn,NY,11214,40.59359,-73.98473,718-333-7650,0.322916667,0.65625,290,0.055,0.724,0.169,0.038,367,374,361,0.562
21K690,Brooklyn Studio Secondary School,Brooklyn,K721,8310 21st Avenue,Brooklyn,NY,11214,40.60488,-73.99442,718-266-5032,0.333333333,0.604166667,901,0.533,0.051,0.25,0.162,458,434,434,0.678
21K337,International High School at Lafayette,Brooklyn,K400,2630 Benson Avenue,Brooklyn,NY,11214,40.59359,-73.98473,718-333-7860,0.385416667,0.666666667,358,0.257,0.087,0.24,0.411,424,343,337,0.843
21K572,Expeditionary Learning School for Community Leaders,Brooklyn,K400,2630 Benson Avenue,Brooklyn,NY,11214,40.59359,-73.98473,718-333-7700,0.350694444,0.635416667,271,0.232,0.173,0.421,0.155,420,396,396,0.75
20K445,New Utrecht High School,Brooklyn,K445,1601 80th Street,Brooklyn,NY,11214,40.61342,-74.00365,718-232-2500,0.333333333,0.625,3480,0.276,0.04,0.29,0.386,488,422,417,0.632
21K559,Life Academy High School for Film and Music,Brooklyn,K400,2630 Benson Avenue,Brooklyn,NY,11214,40.59359,-73.98473,718-333-7750,0.34375,0.625,271,0.137,0.517,0.266,0.074,369,379,378,0.702
21K468,Kingsborough Early College School,Brooklyn,K400,2630 Benson Avenue,Brooklyn,NY,11214,40.59359,-73.98473,718-333-7850,0.333333333,0.597222222,564,0.425,0.257,0.243,0.066,474,462,449,0.658
15K463,Secondary School for Journalism,Brooklyn,K460,237 7th Avenue,Brooklyn,NY,11215,40.6696,-73.97926,718-832-4201,0.350694444,0.633333333,285,0.063,0.467,0.375,0.074,408,435,415,0.588
15K684,Millennium Brooklyn High School,Brooklyn,K460,237 7th Avenue,Brooklyn,NY,11215,40.6696,-73.97926,718-832-4333,0.333333333,0.604166667,566,0.311,0.26,0.272,0.095,553,551,539,0.796
15K464,Park Slope Collegiate,Brooklyn,K460,237 7th Avenue,Brooklyn,NY,11215,40.6696,-73.97926,718-832-4300,0.34375,0.635416667,423,0.036,0.464,0.365,0.079,405,377,395,0.596
15K462,Secondary School for Law,Brooklyn,K460,237 7th Avenue,Brooklyn,NY,11215,40.6696,-73.97926,718-832-4250,0.350694444,0.633333333,351,0.034,0.664,0.259,0.02,420,424,414,0.747
13K595,Bedford Academy High School,Brooklyn,K994,1119 Bedford Avenue,Brooklyn,NY,11216,40.68538,-73.95427,718-398-3061,0.333333333,0.677083333,364,0.008,0.846,0.077,0.03,505,464,456,0.962
15K592,Khalil Gibran International Academy,Brooklyn,K806,362 Schermerhorn Street,Brooklyn,NY,11217,40.68674,-73.98023,718-237-2502,0.333333333,0.625,174,0.276,0.483,0.063,0.155,476,462,471,0.798
15K656,Brooklyn High School of the Arts,Brooklyn,K655,345 Dean Street,Brooklyn,NY,11217,40.68365,-73.98047,718-855-2412,0.34375,0.625,870,0.02,0.703,0.225,0.017,439,441,436,0.806
13K430,Brooklyn Technical High School,Brooklyn,K430,29 Ft Greene Place,Brooklyn,NY,11217,40.68811,-73.97675,718-804-6400,0.364583333,0.635416667,5447,0.205,0.077,0.076,0.605,682,608,606,0.955
22K555,Brooklyn College Academy,Brooklyn,K917,350 Coney Island Avenue,Brooklyn,NY,11218,40.6492,-73.97169,718-853-6184,0.333333333,0.625,605,0.046,0.722,0.091,0.079,502,495,493,0.981
20K485,High School of Telecommunication Arts and Technology,Brooklyn,K485,350 67th Street,Brooklyn,NY,11220,40.63725,-74.02382,718-759-3400,0.333333333,0.625,1329,0.163,0.077,0.567,0.18,475,440,445,0.816
32K545,EBC High School for Public Service in Bushwick,Brooklyn,K913,1155 Dekalb Avenue,Brooklyn,NY,11221,40.69448,-73.92915,718-452-3440,0.333333333,0.65625,514,0.002,0.08,0.907,0.004,389,374,378,0.5
16K498,Brooklyn High School for Law and Technology,Brooklyn,K987,1396 Broadway,Brooklyn,NY,11221,40.68893,-73.92108,718-919-1256,0.333333333,0.625,596,0.012,0.711,0.238,0.025,395,401,383,0.627
16K688,Brooklyn Academy of Global Finance,Brooklyn,K057,125 Stuyvesant Avenue,Brooklyn,NY,11221,40.69154,-73.93373,718-574-3126,0.34375,0.633333333,152,0.02,0.717,0.204,0.059,395,382,391,0.459
16K393,Frederick Douglass Academy IV Secondary School,Brooklyn,K026,1014 Lafayette Avenue,Brooklyn,NY,11221,40.69213,-73.9315,718-574-2820,0.333333333,0.597222222,92,0.011,0.826,0.141,0.011,397,374,352,0.429
32K556,Bushwick Leaders High School for Academic Excellence,Brooklyn,K865,797 Bushwick Avenue,Brooklyn,NY,11221,40.695,-73.92799,718-919-4212,0.34375,0.697916667,317,0.003,0.167,0.814,0.009,393,368,382,0.468
14K610,Automotive High School,Brooklyn,K610,50 Bedford Avenue,Brooklyn,NY,11222,40.72264,-73.95258,718-218-9301,0.364583333,0.659722222,383,0.029,0.559,0.381,0.016,367,381,328,0.316
14K632,Frances Perkins Academy,Brooklyn,K610,50 Bedford Avenue,Brooklyn,NY,11222,40.72264,-73.95258,718-388-7721,0.333333333,0.625,142,0.021,0.627,0.324,0.007,399,413,400,0.463
21K540,John Dewey High School,Brooklyn,K540,50 Avenue X,Brooklyn,NY,11223,40.58924,-73.98175,718-373-6400,0.342361111,0.628472222,2006,0.137,0.286,0.207,0.358,512,418,396,0.627
21K344,Rachel Carson High School for Coastal Studies,Brooklyn,K303,521 West Avenue,Brooklyn,NY,11224,40.58212,-73.97289,718-265-0329,0.333333333,0.635416667,560,0.436,0.225,0.223,0.102,436,430,421,0.684
17K548,Brooklyn School for Music and Theatre,Brooklyn,K440,883 Classon Avenue,Brooklyn,NY,11225,40.6703,-73.96165,718-230-6250,0.340277778,0.625,386,0.008,0.826,0.158,0.008,382,393,377,0.722
17K547,Brooklyn Academy of Science and the Environment,Brooklyn,K440,883 Classon Avenue,Brooklyn,NY,11225,40.6703,-73.96165,718-230-6363,0.354166667,0.677083333,453,0.013,0.801,0.126,0.053,419,411,416,0.585
17K590,Medgar Evers College Preparatory School,Brooklyn,K590,1186 Carroll Street,Brooklyn,NY,11225,40.66716,-73.95086,718-703-5400,0.302083333,0.635416667,1271,0.006,0.909,0.033,0.029,525,500,481,0.89
17K600,Clara Barton High School,Brooklyn,K600,901 Classon Avenue,Brooklyn,NY,11225,40.67027,-73.96165,718-636-4900,0.34375,0.645833333,1499,0.009,0.895,0.057,0.018,408,424,407,0.55
17K524,International High School at Prospect Heights,Brooklyn,K440,883 Classon Avenue,Brooklyn,NY,11225,40.6703,-73.96165,718-230-6333,0.354166667,0.635416667,414,0.133,0.29,0.389,0.184,344,302,300,0.817
17K528,High School for Global Citizenship,Brooklyn,K440,883 Classon Avenue,Brooklyn,NY,11225,40.6703,-73.96165,718-230-6300,0.333333333,0.625,246,0.028,0.821,0.13,0.016,377,386,375,0.619
17K543,"Science, Technology, and Research Early College High School at Erasmus",Brooklyn,K465,911 Flatbush Avenue,Brooklyn,NY,11226,40.64944,-73.95843,718-564-2540,0.333333333,0.614583333,516,0.009,0.871,0.064,0.04,496,491,484,0.915
17K382,Academy for College Preparation and Career Exploration (College Board),Brooklyn,K465,911 Flatbush Avenue,Brooklyn,NY,11226,40.64944,-73.95843,718-564-2566,0.333333333,0.645833333,505,0.008,0.846,0.123,0.017,386,397,393,0.573
17K537,High School for Youth and Community Development at Erasmus,Brooklyn,K465,911 Flatbush Avenue,Brooklyn,NY,11226,40.64944,-73.95843,718-564-2470,0.333333333,0.625,384,0.021,0.854,0.089,0.023,360,382,359,0.632
17K539,High School for Service and Learning at Erasmus,Brooklyn,K465,911 Flatbush Avenue,Brooklyn,NY,11226,40.64944,-73.95843,718-564-2551,0.333333333,0.652777778,445,0.02,0.825,0.106,0.027,377,382,356,0.455
17K408,Academy of Hospitality and Tourism,Brooklyn,K465,911 Flatbush Avenue,Brooklyn,NY,11226,40.64944,-73.95843,718-564-2580,0.333333333,0.614583333,285,0.011,0.846,0.102,0.035,374,385,375,0.62
22K425,James Madison High School,Brooklyn,K425,3787 Bedford Avenue,Brooklyn,NY,11229,40.60976,-73.94845,718-758-7200,0.340277778,0.616666667,3088,0.443,0.174,0.167,0.212,492,450,444,0.69
21K525,Edward R. Murrow High School,Brooklyn,K525,1600 Avenue L,Brooklyn,NY,11230,40.6205,-73.95923,718-258-9283,0.336805556,0.614583333,3968,0.267,0.226,0.217,0.266,500,479,472,0.752
15K448,Brooklyn Secondary School for Collaborative Studies,Brooklyn,K142,610 Henry Street,Brooklyn,NY,11231,40.67986,-74.00148,718-923-4700,0.354166667,0.618055556,685,0.093,0.385,0.453,0.058,401,411,404,0.841
15K667,Sunset Park High School,Brooklyn,K564,153 35th Street,Brooklyn,NY,11232,40.65595,-74.0055,718-840-1900,0.364583333,0.645833333,1333,0.068,0.085,0.773,0.073,398,380,381,0.616
23K493,Brooklyn Collegiate (College Board),Brooklyn,K055,2021 Bergen Street,Brooklyn,NY,11233,40.67414,-73.91349,718-922-1145,0.354166667,0.614583333,353,0.003,0.875,0.096,0.014,394,395,399,0.644
16K594,Gotham Professional Arts Academy,Brooklyn,K040,265 Ralph Avenue,Brooklyn,NY,11233,40.68046,-73.9222,718-455-0746,0.364583333,0.635416667,226,0.013,0.819,0.146,0.009,377,396,386,0.507
22K535,Leon M. Goldstein High School for the Sciences,Brooklyn,K535,1830 Shore Boulevard,Brooklyn,NY,11235,40.58085,-73.93609,718-368-8500,0.34375,0.604166667,1081,0.591,0.102,0.106,0.187,563,534,543,0.94
21K410,Abraham Lincoln High School,Brooklyn,K410,2800 Ocean Parkway,Brooklyn,NY,11235,40.58231,-73.96747,718-333-7400,0.311111111,0.631944444,2341,0.201,0.398,0.237,0.151,441,422,422,0.549
22K611,Origins High School,Brooklyn,K495,3000 Avenue X,Brooklyn,NY,11235,40.59419,-73.93684,718-891-0037,0.364583333,0.666666667,213,0.225,0.423,0.216,0.127,487,452,397,0.427
21K620,William E. Grady Career and Technical Education High School,Brooklyn,K620,25 Brighton 4th Road,Brooklyn,NY,11235,40.58255,-73.96372,718-332-5000,0.333333333,0.645833333,613,0.064,0.687,0.181,0.054,416,423,387,0.314
18K642,Urban Action Academy,Brooklyn,K500,1600 Rockaway Parkway,Brooklyn,NY,11236,40.64184,-73.89869,718-290-8720,0.340277778,0.638888889,309,0.042,0.79,0.123,0.029,362,396,393,0.449
18K566,Brooklyn Generation School,Brooklyn,K515,6565 Flatlands Avenue,Brooklyn,NY,11236,40.63263,-73.9178,718-968-4200,0.354166667,0.638888889,286,0.014,0.85,0.087,0.017,392,406,403,0.5
18K633,High School for Medical Professions,Brooklyn,K500,1600 Rockaway Parkway,Brooklyn,NY,11236,40.64184,-73.89869,718-290-8700,0.333333333,0.625,432,0.002,0.819,0.132,0.028,404,427,424,0.602
18K617,High School for Innovation in Advertising and Media,Brooklyn,K500,1600 Rockaway Parkway,Brooklyn,NY,11236,40.64184,-73.89869,718-290-8760,0.333333333,0.635416667,303,0.026,0.858,0.096,0.013,390,410,397,0.591
18K576,Victory Collegiate High School,Brooklyn,K515,6565 Flatlands Avenue,Brooklyn,NY,11236,40.63263,-73.9178,718-968-1530,0.354166667,0.645833333,331,0.012,0.888,0.063,0.009,386,408,402,0.727
18K567,Brooklyn Theatre Arts High School,Brooklyn,K515,6565 Flatlands Avenue,Brooklyn,NY,11236,40.63263,-73.9178,718-968-1072,0.354166667,0.640972222,395,0.018,0.82,0.132,0.005,379,393,373,0.691
18K637,Academy for Conservation and the Environment,Brooklyn,K515,6565 Flatlands Avenue,Brooklyn,NY,11236,40.63263,-73.9178,718-968-4101,0.35625,0.638194444,308,0.013,0.86,0.097,0.016,381,397,390,0.508
32K554,All City Leadership Secondary School,Brooklyn,K554,321 Palmetto Street,Brooklyn,NY,11237,40.69741,-73.91315,718-246-6500,0.322916667,0.604166667,358,0.017,0.146,0.77,0.062,467,446,448,0.85
32K549,Bushwick School for Social Justice,Brooklyn,K480,400 Irving Avenue,Brooklyn,NY,11237,40.69696,-73.91082,718-381-7100,0.34375,0.625,405,0.025,0.205,0.76,0.005,365,357,357,0.5
32K403,Academy for Environmental Leadership,Brooklyn,K480,400 Irving Avenue,Brooklyn,NY,11237,40.69696,-73.91082,718-381-7100,0.333333333,0.625,340,0.015,0.194,0.771,0.018,365,366,348,0.713
32K552,Academy of Urban Planning,Brooklyn,K480,400 Irving Avenue,Brooklyn,NY,11237,40.69696,-73.91082,718-381-7100,0.34375,0.65625,279,0.007,0.233,0.738,0.007,392,374,379,0.419
13K499,ACORN Community High School,Brooklyn,K909,561 Grand Avenue,Brooklyn,NY,11238,40.67851,-73.96207,718-789-2258,0.34375,0.635416667,504,0.016,0.835,0.129,0.01,379,395,385,0.613
25Q460,Flushing High School,Queens,Q460,35-01 Union Street,Flushing,NY,11354,40.76524,-73.82786,718-888-7500,0.36875,0.650694444,2186,0.037,0.237,0.511,0.203,444,407,405,0.461
25Q281,East-West School of International Studies,Queens,Q237,46-21 Colden Street,Flushing,NY,11355,40.7493,-73.82181,718-353-0009,0.326388889,0.625,666,0.053,0.149,0.183,0.607,521,457,451,0.894
25Q263,Flushing International High School,Queens,Q189,144-80 Barclay Avenue,Flushing,NY,11355,40.76041,-73.81838,718-463-2348,0.361111111,0.645833333,437,0.025,0.025,0.384,0.556,481,323,323,0.677
25Q285,World Journalism Preparatory (College Board),Queens,Q025,34-65 192nd Street,Flushing,NY,11358,40.76512,-73.79006,718-461-2219,0.333333333,0.625,610,0.503,0.091,0.227,0.158,484,491,487,0.892
26Q495,Bayside High School,Queens,Q405,32-24 Corporal Kennedy Street,Bayside,NY,11361,40.77187,-73.78039,718-229-7600,0.333333333,0.645833333,3336,0.181,0.13,0.279,0.403,523,479,485,0.767
26Q415,Benjamin N. Cardozo High School,Queens,Q415,57-00 223rd Street,Oakland Gardens,NY,11364,40.75239,-73.75608,718-279-6500,0.375,0.666666667,3505,0.149,0.203,0.194,0.441,563,505,510,0.756
26Q430,Francis Lewis High School,Queens,Q430,58-20 Utopia Parkway,Fresh Meadows,NY,11365,40.74056,-73.79285,718-281-8200,0.354166667,0.635416667,4172,0.149,0.074,0.231,0.539,562,483,485,0.807
25Q252,Queens School of Inquiry,Queens,Q168,158-40 76th Road,Fresh Meadows,NY,11366,40.72452,-73.80943,718-380-6929,0.359722222,0.622916667,557,0.192,0.195,0.218,0.362,516,493,486,0.882
25Q670,Robert F. Kennedy Community High School,Queens,Q707,75-40 Parsons Boulevard,Fresh Meadows,NY,11366,40.7256,-73.81072,718-969-5510,0.333333333,0.604166667,701,0.183,0.13,0.355,0.312,460,426,423,0.673
25Q425,John Bowne High School,Queens,Q425,63-25 Main Street,Flushing,NY,11367,40.7387,-73.82479,718-263-1919,0.380555556,0.657638889,3667,0.045,0.184,0.46,0.294,467,422,425,0.621
25Q525,Townsend Harris High School,Queens,Q515,149-11 Melbourne Avenue,Flushing,NY,11367,40.73441,-73.82142,718-575-5580,0.347222222,0.625,1132,0.219,0.063,0.116,0.586,680,640,661,0.971
24Q550,High School for Arts and Business,Queens,Q456,105-25 Horace Harding Expressway,Corona,NY,11368,40.73742,-73.85331,718-271-8383,0.364583333,0.666666667,870,0.041,0.078,0.772,0.102,413,405,393,0.767
24Q293,Civic Leadership Academy,Queens,Q744,45-10 94th Street,Elmhurst,NY,11373,40.7433,-73.87057,718-271-1487,0.354166667,0.645833333,479,0.056,0.079,0.718,0.098,435,424,418,0.689
24Q585,Maspeth High School,Queens,Q585,54-40 74th Street,Elmhurst,NY,11373,40.72954,-73.88739,718-803-7100,0.34375,0.628472222,973,0.358,0.02,0.446,0.175,476,471,480,0.9
24Q296,Pan American International High School,Queens,Q744,45-10 94th Street,Elmhurst,NY,11373,40.7433,-73.87057,718-271-3602,0.354166667,0.635416667,378,0,0,0.997,0.003,340,320,318,0.319
24Q455,Newtown High School,Queens,Q455,48-01 90th Street,Elmhurst,NY,11373,40.74121,-73.87473,718-595-8400,0.333333333,0.645833333,1921,0.043,0.083,0.614,0.24,434,401,389,0.391
28Q440,Forest Hills High School,Queens,Q440,67-01 110th Street,Forest Hills,NY,11375,40.72943,-73.84563,718-268-3137,0.333333333,0.645833333,3840,0.3,0.096,0.338,0.246,517,485,483,0.728
28Q686,Queens Metropolitan High School,Queens,Q686,91-30 Metropolitan Avenue,Forest Hills,NY,11375,40.71044,-73.85063,718-286-3600,0.333333333,0.618055556,1035,0.357,0.042,0.469,0.11,460,448,449,0.764
24Q485,Grover Cleveland High School,Queens,Q485,21-27 Himrod Street,Ridgewood,NY,11385,40.71122,-73.90865,718-381-9600,0.354166667,0.635416667,1828,0.189,0.045,0.657,0.097,452,422,416,0.389
29Q498,Humanities and Arts Magnet High School,Queens,Q490,207-01 116th Avenue,Cambria Heights,NY,11411,40.69554,-73.73492,718-978-2135,0.333333333,0.614583333,525,0.011,0.81,0.118,0.055,384,409,401,0.602
29Q492,"Mathematics, Science Research, and Technology Magnet High School",Queens,Q490,207-01 116th Avenue,Cambria Heights,NY,11411,40.69554,-73.73492,718-978-1837,0.333333333,0.600694444,433,0.016,0.723,0.118,0.099,380,418,388,0.549
29Q259,Pathways College Preparatory School (College Board),Queens,Q192,109-89 204th Street,Saint Albans,NY,11412,40.70639,-73.75353,718-454-4957,0.333333333,0.629861111,599,0.013,0.897,0.057,0.028,405,427,409,0.724
29Q265,Excelsior Preparatory High School,Queens,Q420,143-10 Springfield Boulevard,Springfield Gardens,NY,11413,40.66823,-73.75684,718-525-6507,0.340277778,0.629861111,491,0.012,0.827,0.092,0.037,384,407,400,0.701
29Q283,Preparatory Academy for Writers (College Board),Queens,Q420,143-10 Springfield Boulevard,Springfield Gardens,NY,11413,40.66823,-73.75684,718-949-8405,0.333333333,0.628472222,552,0.024,0.81,0.084,0.042,398,410,393,0.695
29Q248,Queens Preparatory Academy,Queens,Q420,143-10 Springfield Boulevard,Springfield Gardens,NY,11413,40.66823,-73.75684,718-712-2304,0.340277778,0.622916667,492,0.01,0.807,0.091,0.043,423,422,403,0.837
29Q272,George Washington Carver High School for the Sciences,Queens,Q420,143-10 Springfield Boulevard,Springfield Gardens,NY,11413,40.66823,-73.75684,718-525-6439,0.333333333,0.635416667,509,0.018,0.756,0.114,0.094,439,428,419,0.635
27Q650,"High School for Construction Trades, Engineering, and Architecture",Queens,Q650,94-06 104th Street,Ozone Park,NY,11416,40.6894,-73.84064,718-846-6280,0.340277778,0.606944444,959,0.123,0.107,0.356,0.355,489,457,451,0.789
27Q480,John Adams High School,Queens,Q480,101-01 Rockaway Boulevard,Ozone Park,NY,11417,40.67983,-73.83832,718-322-0500,0.333333333,0.645833333,2634,0.029,0.239,0.379,0.31,418,401,395,0.384
27Q308,Robert H. Goddard High School of Communication Arts and Technology,Queens,Q202,138-30 Lafayette Street,Ozone Park,NY,11417,40.67177,-73.84498,718-848-8357,0.309027778,0.59375,602,0.176,0.073,0.417,0.294,426,435,424,0.851
27Q475,Richmond Hill High School,Queens,Q475,89-30 114th Street,Richmond Hill,NY,11418,40.69565,-73.83358,718-846-3335,0.333333333,0.625,2175,0.054,0.136,0.482,0.314,413,406,399,0.379
29Q326,Cambria Heights Academy,Queens,Q799,188-04 91st Avenue,Hollis,NY,11423,40.71182,-73.77119,718-776-2815,0.375,0.666666667,372,0.022,0.79,0.091,0.067,418,424,411,0.585
26Q566,"Queens High School of Teaching, Liberal Arts, and the Sciences",Queens,Q566,74-20 Commonwealth Boulevard,Bellerose,NY,11426,40.7449,-73.72691,718-736-7100,0.354166667,0.645833333,1120,0.084,0.481,0.175,0.248,453,434,439,0.724
26Q435,Martin Van Buren High School,Queens,Q435,230-17 Hillside Avenue,Queens Village,NY,11427,40.73282,-73.73965,718-776-4728,0.322916667,0.634722222,1742,0.036,0.527,0.13,0.27,397,396,391,0.4
28Q680,Queens Gateway to Health Sciences Secondary School,Queens,Q695,160-20 Goethals Avenue,Jamaica,NY,11432,40.71881,-73.8065,718-969-3155,0.333333333,0.604166667,779,0.029,0.382,0.142,0.433,524,511,514,0.925
28Q350,Jamaica Gateway to the Sciences,Queens,Q470,167-01 Gothic Drive,Jamaica,NY,11432,40.71358,-73.79652,718-480-2689,0.34375,0.625,516,0.023,0.426,0.109,0.407,487,460,463,0.786
28Q328,High School for Community Leadership,Queens,Q470,167-01 Gothic Drive,Jamaica,NY,11432,40.71358,-73.79652,718-558-9801,0.375,0.65625,418,0.045,0.423,0.266,0.227,415,392,386,0.723
28Q896,Young Women's Leadership School in Queens,Queens,Q680,150-91 87th Road,Jamaica,NY,11432,40.70821,-73.80408,718-725-0402,0.333333333,0.622916667,557,0.019,0.475,0.197,0.269,415,420,433,0.904
28Q310,Queens Collegiate (College Board),Queens,Q470,167-01 Gothic Drive,Jamaica,NY,11432,40.71358,-73.79652,718-658-4016,0.34375,0.625,661,0.041,0.534,0.161,0.248,455,439,441,0.748
28Q505,Hillcrest High School,Queens,Q505,160-05 Highland Avenue,Jamaica,NY,11432,40.70876,-73.80213,718-658-5407,0.333333333,0.645833333,3286,0.038,0.303,0.288,0.345,448,432,426,0.518
28Q620,Thomas A. Edison Career and Technical Education High School,Queens,Q620,165-65 84th Avenue,Jamaica,NY,11432,40.71588,-73.79882,718-297-6580,0.333333333,0.645833333,2098,0.042,0.209,0.224,0.49,514,473,470,0.8
28Q325,Hillside Arts and Letters Academy,Queens,Q470,167-01 Gothic Drive,Jamaica,NY,11432,40.71358,-73.79652,718-658-1249,0.34375,0.625,464,0.03,0.377,0.244,0.278,409,399,404,0.626
28Q284,York Early College Academy,Queens,Q008,108-35 167th Street,Jamaica,NY,11433,40.69694,-73.78698,718-262-8547,0.333333333,0.625,611,0.012,0.58,0.103,0.287,496,481,473,0.929
28Q687,Queens High School for the Sciences at York College,Queens,Q774,94-50 159th Street,Jamaica,NY,11433,40.701,-73.79815,718-657-3181,0.333333333,0.6375,426,0.061,0.07,0.106,0.754,701,621,625,0.979
28Q690,High School for Law Enforcement and Public Safety,Queens,Q690,116-25 Guy R Brewer Boulevard,Jamaica,NY,11434,40.68618,-73.78408,718-977-4800,0.333333333,0.625,604,0.018,0.664,0.189,0.104,410,431,409,0.566
29Q327,Eagle Academy for Young Men III,Queens,Q633,171-10 Linden Boulevard,Jamaica,NY,11434,40.69167,-73.77903,718-480-2600,0.364583333,0.697916667,428,0.018,0.863,0.054,0.006,412,435,413,0.463
27Q400,August Martin High School,Queens,Q400,156-10 Baisley Boulevard,Jamaica,NY,11434,40.67553,-73.78343,718-528-2920,0.333333333,0.645833333,679,0.015,0.754,0.13,0.075,366,372,364,0.263
27Q260,Frederick Douglass Academy VI High School,Queens,Q465,8-21 Bay 25th Street,Far Rockaway,NY,11691,40.60199,-73.76283,718-471-2154,0.322916667,0.586805556,409,0.007,0.597,0.379,0.015,410,418,407,0.301
27Q309,Academy of Medical Technology (College Board),Queens,Q465,8-21 Bay 25th Street,Far Rockaway,NY,11691,40.60199,-73.76283,718-471-3571,0.333333333,0.635416667,637,0.027,0.501,0.377,0.066,422,424,415,0.676
27Q302,"Queens High School for Information, Research, and Technology",Queens,Q465,8-21 Bay 25th Street,Far Rockaway,NY,11691,40.60199,-73.76283,718-868-2978,0.322916667,0.673611111,381,0.021,0.491,0.436,0.042,372,362,352,0.446
27Q324,Rockaway Park High School for Environmental Sustainability,Queens,Q410,100-00 Beach Channel Drive,Rockaway Park,NY,11694,40.58601,-73.82309,718-734-3280,0.364583333,0.645833333,368,0.147,0.467,0.302,0.035,357,381,376,0.385
27Q262,Channel View School for Research,Queens,Q410,100-00 Beach Channel Drive,Rockaway Park,NY,11694,40.58601,-73.82309,718-634-1970,0.34375,0.627777778,683,0.107,0.532,0.291,0.06,427,430,423,0.766
27Q351,Rockaway Collegiate High School,Queens,Q410,100-00 Beach Channel Drive,Rockaway Park,NY,11694,40.58601,-73.82309,718-734-3290,0.354166667,0.680555556,397,0.038,0.526,0.335,0.05,399,403,405,0.465
27Q323,Scholars' Academy,Queens,Q180,320 Beach 104th Street,Rockaway Park,NY,11694,40.58413,-73.82568,718-474-6918,0.364583333,0.625,1302,0.347,0.227,0.196,0.214,588,560,568,0.992